video_id,creator_id,video_length_sec,published_at,video_url,impressions_n,watched_n,watch_rate,avg_watch_seconds_when_watched,total_watch_seconds,avg_watch_share,distinct_watchers_n,first_impression_at,last_impression_at,first_watch_at,last_watch_at
1,37,24,1754354430,https://www.tiktok.com/@charlottegarcia/video/9000000000000000001,66,42,0.6363636363636364,12.047619047619047,506,0.3194444444444444,34,1754358053,1758872692,1754358053,1758872692
2,5,52,1756627738,https://www.tiktok.com/@evelyndaily3219/video/9000000000000000002,15,9,0.6,34.111111111111114,307,0.39358974358974363,8,1756749929,1758795937,1756749929,1758795937
3,46,23,1758745786,https://www.tiktok.com/@benjaminhub4825/video/9000000000000000003,1,0,0,NA,0,0,0,1758673041,1758673041,1758673041,1758673041
4,48,36,1754929845,https://www.tiktok.com/@isabellahub287/video/9000000000000000004,42,23,0.5476190476190477,14.478260869565217,333,0.22023809523809523,18,1754925674,1759091428,1754925674,1759091428
5,47,33,1755603913,https://www.tiktok.com/@avawalker_1/video/9000000000000000005,24,21,0.875,17.238095238095237,362,0.457070707070707,17,1755665455,1758877787,1755665455,1758877787
6,26,34,1755473145,https://www.tiktok.com/@noahlive7510/video/9000000000000000006,26,11,0.4230769230769231,21.272727272727273,234,0.2647058823529412,11,1755451424,1758656774,1755451424,1758656774
7,34,31,1755617914,https://www.tiktok.com/@masonwilson/video/9000000000000000007,21,15,0.7142857142857143,20.266666666666666,304,0.46697388632872505,14,1755761985,1759173025,1755761985,1759173025
8,17,48,1754956707,https://www.tiktok.com/@evelyngarcia/video/9000000000000000008,31,22,0.7096774193548387,18.545454545454547,408,0.27419354838709675,20,1754892664,1758975300,1754892664,1758975300
9,44,32,1757241464,https://www.tiktok.com/@jamessmith/video/9000000000000000009,14,6,0.42857142857142855,17.666666666666668,106,0.23660714285714285,6,1757264836,1758902557,1757264836,1758902557
10,56,32,1756452723,https://www.tiktok.com/@masonhall/video/9000000000000000010,18,10,0.5555555555555556,17.2,172,0.2986111111111111,10,1754024525,1758973380,1754024525,1758973380
11,23,28,1756202559,https://www.tiktok.com/@jameshub7877/video/9000000000000000011,19,13,0.6842105263157895,16,208,0.3909774436090226,12,1756210936,1759155562,1756210936,1759155562
12,26,29,1755297137,https://www.tiktok.com/@noahlive7510/video/9000000000000000012,39,22,0.5641025641025641,18.363636363636363,404,0.3572060123784262,18,1755312638,1759070286,1755312638,1759070286
13,3,15,1757575135,https://www.tiktok.com/@charlotteanderson/video/9000000000000000013,11,5,0.45454545454545453,6.2,31,0.18787878787878787,5,1757867378,1759176053,1757867378,1759176053
14,24,18,1757934397,https://www.tiktok.com/@evelynjackson/video/9000000000000000014,13,8,0.6153846153846154,11.625,93,0.39743589743589747,6,1757995887,1759116249,1757995887,1759116249
15,43,37,1754409476,https://www.tiktok.com/@jameswalker/video/9000000000000000015,48,37,0.7708333333333334,21.054054054054053,779,0.43862612612612617,32,1754428284,1758951848,1754428284,1758951848
16,4,28,1758784525,https://www.tiktok.com/@emmatv9884/video/9000000000000000016,1,1,1,28,28,1,1,1759181760,1759181760,1759181760,1759181760
17,34,37,1754280604,https://www.tiktok.com/@masonwilson/video/9000000000000000017,48,32,0.6666666666666666,24.09375,771,0.43412162162162166,27,1754265924,1758632980,1754265924,1758632980
18,42,45,1754235196,https://www.tiktok.com/@noahlopez/video/9000000000000000018,73,55,0.7534246575342466,22.01818181818182,1211,0.36864535768645357,43,1754172347,1759152769,1754172347,1759152769
19,27,37,1754271241,https://www.tiktok.com/@sophiasmith/video/9000000000000000019,68,53,0.7794117647058824,22.30188679245283,1182,0.46979332273449925,39,1754277804,1759144363,1754277804,1759144363
20,17,24,1757710713,https://www.tiktok.com/@evelyngarcia/video/9000000000000000020,12,11,0.9166666666666666,11.090909090909092,122,0.4236111111111111,11,1757735997,1758910978,1757735997,1758910978
21,22,35,1757313638,https://www.tiktok.com/@lucaswilson/video/9000000000000000021,19,9,0.47368421052631576,16,144,0.21654135338345862,8,1757338827,1759177509,1757338827,1759177509
22,29,44,1759164839,https://www.tiktok.com/@sophialee/video/9000000000000000022,0,0,NA,NA,0,NA,0,NA,NA,NA,NA
23,43,31,1756591653,https://www.tiktok.com/@jameswalker/video/9000000000000000023,12,10,0.8333333333333334,14.9,149,0.4005376344086022,10,1756583916,1758921107,1756583916,1758921107
24,23,36,1754161371,https://www.tiktok.com/@jameshub7877/video/9000000000000000024,139,85,0.6115107913669064,17.28235294117647,1469,0.29356514788169463,55,1754093527,1759019154,1754093527,1759019154
25,26,28,1758191486,https://www.tiktok.com/@noahlive7510/video/9000000000000000025,8,5,0.625,20,100,0.4464285714285714,5,1758300070,1759105398,1758300070,1759105398
26,34,20,1757261090,https://www.tiktok.com/@masonwilson/video/9000000000000000026,13,8,0.6153846153846154,9,72,0.27692307692307694,7,1757296965,1759163951,1757296965,1759163951
27,42,33,1755154105,https://www.tiktok.com/@noahlopez/video/9000000000000000027,21,12,0.5714285714285714,18,216,0.3116883116883117,11,1755137340,1759155881,1755137340,1759155881
28,42,25,1756968284,https://www.tiktok.com/@noahlopez/video/9000000000000000028,9,6,0.6666666666666666,11.333333333333334,68,0.3022222222222222,6,1757013671,1759155855,1757013671,1759155855
29,55,37,1757391646,https://www.tiktok.com/@sophiafit8328/video/9000000000000000029,9,6,0.6666666666666666,10,60,0.1801801801801802,5,1757453093,1759167848,1757453093,1759167848
30,19,38,1756181069,https://www.tiktok.com/@elijahtv1416/video/9000000000000000030,16,12,0.75,21.75,261,0.4292763157894737,12,1756636708,1759152774,1756636708,1759152774
31,6,10,1754680128,https://www.tiktok.com/@avagarcia/video/9000000000000000031,85,58,0.6823529411764706,4.844827586206897,281,0.3305882352941177,45,1754618079,1759086082,1754618079,1759086082
32,5,28,1756341254,https://www.tiktok.com/@evelyndaily3219/video/9000000000000000032,17,11,0.6470588235294118,19.181818181818183,211,0.4432773109243697,11,1756355407,1759163251,1756355407,1759163251
33,17,37,1754838353,https://www.tiktok.com/@evelyngarcia/video/9000000000000000033,34,24,0.7058823529411765,21.541666666666668,517,0.41096979332273453,22,1754788893,1759105151,1754788893,1759105151
34,22,24,1757462104,https://www.tiktok.com/@lucaswilson/video/9000000000000000034,12,7,0.5833333333333334,7.428571428571429,52,0.18055555555555555,5,1757554186,1758713341,1757554186,1758713341
35,52,42,1754696003,https://www.tiktok.com/@miatv693/video/9000000000000000035,38,25,0.6578947368421053,20.6,515,0.3226817042606516,22,1754809274,1758964364,1754809274,1758964364
36,39,37,1757948028,https://www.tiktok.com/@avatv5794/video/9000000000000000036,5,4,0.8,18,72,0.3891891891891892,4,1758112639,1759129508,1758112639,1759129508
37,21,26,1757234182,https://www.tiktok.com/@jamesmiller/video/9000000000000000037,8,4,0.5,9.5,38,0.1826923076923077,4,1757571186,1758999076,1757571186,1758999076
38,37,21,1756074465,https://www.tiktok.com/@charlottegarcia/video/9000000000000000038,16,12,0.75,14.166666666666666,170,0.5059523809523809,12,1754407981,1758605587,1754407981,1758605587
39,59,41,1754925184,https://www.tiktok.com/@elijahtaylor/video/9000000000000000039,34,16,0.47058823529411764,26.125,418,0.2998565279770445,14,1754030975,1758730405,1754030975,1758730405
40,41,28,1757427251,https://www.tiktok.com/@noahjohnson_1/video/9000000000000000040,13,8,0.6153846153846154,18.625,149,0.40934065934065933,8,1757399521,1759079331,1757399521,1759079331
41,27,29,1756177935,https://www.tiktok.com/@sophiasmith/video/9000000000000000041,12,5,0.4166666666666667,16.6,83,0.2385057471264368,5,1756187587,1759182011,1756187587,1759182011
42,5,11,1755865783,https://www.tiktok.com/@evelyndaily3219/video/9000000000000000042,26,19,0.7307692307692307,7.631578947368421,145,0.506993006993007,16,1755822164,1759053692,1755822164,1759053692
43,24,33,1756450247,https://www.tiktok.com/@evelynjackson/video/9000000000000000043,13,5,0.38461538461538464,15,75,0.17482517482517484,5,1754204113,1759029415,1754204113,1759029415
44,14,13,1756888361,https://www.tiktok.com/@ameliataylor/video/9000000000000000044,19,14,0.7368421052631579,6.571428571428571,92,0.3724696356275303,14,1756887449,1759054007,1756887449,1759054007
45,5,30,1759109014,https://www.tiktok.com/@evelyndaily3219/video/9000000000000000045,2,1,0.5,16,16,0.26666666666666666,1,1754043796,1754142194,1754043796,1754142194
46,60,10,1757988342,https://www.tiktok.com/@ethanallen/video/9000000000000000046,8,3,0.375,4.666666666666667,14,0.175,3,1758040436,1759154921,1758040436,1759154921
47,49,49,1758628006,https://www.tiktok.com/@sophiaofficial3334/video/9000000000000000047,4,3,0.75,23.333333333333332,70,0.35714285714285715,3,1754055774,1758905181,1754055774,1758905181
48,51,29,1756037518,https://www.tiktok.com/@miadavis/video/9000000000000000048,33,18,0.5454545454545454,17.944444444444443,323,0.33751306165099265,18,1754204156,1759075336,1754204156,1759075336
49,5,13,1754673674,https://www.tiktok.com/@evelyndaily3219/video/9000000000000000049,39,30,0.7692307692307693,6,180,0.3550295857988166,22,1754291509,1759181727,1754291509,1759181727
50,57,32,1756669976,https://www.tiktok.com/@harpertaylor/video/9000000000000000050,13,9,0.6923076923076923,18.666666666666668,168,0.40384615384615385,7,1756611482,1758932106,1756611482,1758932106
51,22,46,1758285205,https://www.tiktok.com/@lucaswilson/video/9000000000000000051,5,2,0.4,37.5,75,0.32608695652173914,2,1758404121,1759144358,1758404121,1759144358
52,46,42,1758456739,https://www.tiktok.com/@benjaminhub4825/video/9000000000000000052,7,6,0.8571428571428571,23.5,141,0.4795918367346939,6,1754401220,1758975249,1754401220,1758975249
53,27,26,1756432708,https://www.tiktok.com/@sophiasmith/video/9000000000000000053,19,11,0.5789473684210527,16.90909090909091,186,0.3765182186234818,10,1756430353,1759175416,1756430353,1759175416
54,27,10,1754885761,https://www.tiktok.com/@sophiasmith/video/9000000000000000054,56,35,0.625,4.914285714285715,172,0.3071428571428571,30,1754940333,1759062756,1754940333,1759062756
55,42,37,1755117388,https://www.tiktok.com/@noahlopez/video/9000000000000000055,20,15,0.75,20.866666666666667,313,0.422972972972973,13,1755053533,1758979498,1755053533,1758979498
56,36,24,1755183605,https://www.tiktok.com/@henrythomas/video/9000000000000000056,17,13,0.7647058823529411,17.384615384615383,226,0.5539215686274509,13,1755404744,1759177517,1755404744,1759177517
57,42,15,1757909720,https://www.tiktok.com/@noahlopez/video/9000000000000000057,14,10,0.7142857142857143,6.5,65,0.3095238095238095,9,1757929515,1759182961,1757929515,1759182961
58,42,17,1758191926,https://www.tiktok.com/@noahlopez/video/9000000000000000058,6,3,0.5,5,15,0.14705882352941177,3,1758337421,1758751979,1758337421,1758751979
59,43,46,1759174247,https://www.tiktok.com/@jameswalker/video/9000000000000000059,0,0,NA,NA,0,NA,0,NA,NA,NA,NA
60,39,24,1758036182,https://www.tiktok.com/@avatv5794/video/9000000000000000060,4,3,0.75,11.666666666666666,35,0.3645833333333333,3,1758025074,1758877151,1758025074,1758877151
61,41,22,1756497019,https://www.tiktok.com/@noahjohnson_1/video/9000000000000000061,10,5,0.5,15.2,76,0.34545454545454546,5,1756499739,1758996773,1756499739,1758996773
62,9,44,1755034176,https://www.tiktok.com/@noahjohnson/video/9000000000000000062,39,25,0.6410256410256411,25.8,645,0.37587412587412583,22,1755002772,1758905176,1755002772,1758905176
63,29,23,1757049709,https://www.tiktok.com/@sophialee/video/9000000000000000063,11,8,0.7272727272727273,10.25,82,0.32411067193675885,7,1757312858,1758777253,1757312858,1758777253
64,25,36,1755114756,https://www.tiktok.com/@evelyndaily8703/video/9000000000000000064,37,21,0.5675675675675675,17.476190476190474,367,0.2755255255255255,20,1755196403,1758962809,1755196403,1758962809
65,23,23,1757744614,https://www.tiktok.com/@jameshub7877/video/9000000000000000065,11,8,0.7272727272727273,12.25,98,0.3873517786561265,7,1758101322,1759147286,1758101322,1759147286
66,29,29,1754420935,https://www.tiktok.com/@sophialee/video/9000000000000000066,56,38,0.6785714285714286,15.736842105263158,598,0.36822660098522164,30,1754371254,1759043902,1754371254,1759043902
67,40,17,1754139230,https://www.tiktok.com/@ameliataylor_1/video/9000000000000000067,116,79,0.6810344827586207,8.69620253164557,687,0.3483772819472617,57,1754093189,1758996688,1754093189,1758996688
68,23,35,1754977506,https://www.tiktok.com/@jameshub7877/video/9000000000000000068,39,24,0.6153846153846154,18,432,0.3164835164835165,22,1754977986,1759175967,1754977986,1759175967
69,40,35,1754228570,https://www.tiktok.com/@ameliataylor_1/video/9000000000000000069,96,67,0.6979166666666666,18.104477611940297,1213,0.36101190476190476,43,1754190316,1758975099,1754190316,1758975099
70,23,29,1754735996,https://www.tiktok.com/@jameshub7877/video/9000000000000000070,39,20,0.5128205128205128,18.6,372,0.32891246684350134,18,1754710533,1758975245,1754710533,1758975245
71,43,30,1757350676,https://www.tiktok.com/@jameswalker/video/9000000000000000071,4,2,0.5,11.5,23,0.19166666666666665,2,1757702677,1758877471,1757702677,1758877471
72,22,26,1756149087,https://www.tiktok.com/@lucaswilson/video/9000000000000000072,19,9,0.47368421052631576,14,126,0.25506072874493924,9,1756411248,1758647665,1756411248,1758647665
73,21,21,1759001361,https://www.tiktok.com/@jamesmiller/video/9000000000000000073,1,1,1,5,5,0.23809523809523808,1,1759042642,1759042642,1759042642,1759042642
74,40,41,1757889677,https://www.tiktok.com/@ameliataylor_1/video/9000000000000000074,14,8,0.5714285714285714,21.875,175,0.3048780487804878,7,1757838479,1759137413,1757838479,1759137413
75,24,16,1754483827,https://www.tiktok.com/@evelynjackson/video/9000000000000000075,42,31,0.7380952380952381,9.741935483870968,302,0.4494047619047619,28,1754465656,1758977471,1754465656,1758977471
76,25,41,1754940500,https://www.tiktok.com/@evelyndaily8703/video/9000000000000000076,40,26,0.65,21.03846153846154,547,0.3335365853658537,23,1754894245,1759108395,1754894245,1759108395
77,26,46,1757935495,https://www.tiktok.com/@noahlive7510/video/9000000000000000077,4,2,0.5,19.5,39,0.21195652173913043,2,1758154165,1759138340,1758154165,1759138340
78,3,16,1754723888,https://www.tiktok.com/@charlotteanderson/video/9000000000000000078,30,19,0.6333333333333333,6.7368421052631575,128,0.26666666666666666,15,1754706165,1759126861,1754706165,1759126861
79,31,35,1758259524,https://www.tiktok.com/@lucasjackson/video/9000000000000000079,3,2,0.6666666666666666,26,52,0.49523809523809526,2,1757638892,1758783321,1757638892,1758783321
80,27,37,1756591279,https://www.tiktok.com/@sophiasmith/video/9000000000000000080,11,7,0.6363636363636364,21.857142857142858,153,0.3759213759213759,7,1756530877,1759161044,1756530877,1759161044
81,55,26,1756186713,https://www.tiktok.com/@sophiafit8328/video/9000000000000000081,20,15,0.75,12.466666666666667,187,0.3596153846153846,14,1756200637,1759155976,1756200637,1759155976
82,24,52,1758935286,https://www.tiktok.com/@evelynjackson/video/9000000000000000082,3,0,0,NA,0,0,0,1758994019,1759140316,1758994019,1759140316
83,2,34,1754756759,https://www.tiktok.com/@isabelladaily931/video/9000000000000000083,29,16,0.5517241379310345,16.625,266,0.2697768762677485,16,1754736153,1758733897,1754736153,1758733897
84,28,32,1757848012,https://www.tiktok.com/@avalopez/video/9000000000000000084,9,4,0.4444444444444444,15.25,61,0.21180555555555555,4,1758034603,1759049386,1758034603,1759049386
85,39,34,1759086926,https://www.tiktok.com/@avatv5794/video/9000000000000000085,0,0,NA,NA,0,NA,0,NA,NA,NA,NA
86,49,36,1757178135,https://www.tiktok.com/@sophiaofficial3334/video/9000000000000000086,13,7,0.5384615384615384,8.142857142857142,57,0.12179487179487179,7,1757339098,1758822370,1757339098,1758822370
87,28,36,1757042484,https://www.tiktok.com/@avalopez/video/9000000000000000087,13,11,0.8461538461538461,14,154,0.32905982905982906,11,1757042854,1758857443,1757042854,1758857443
88,29,33,1757322599,https://www.tiktok.com/@sophialee/video/9000000000000000088,11,8,0.7272727272727273,17,136,0.3746556473829201,8,1757315987,1759155558,1757315987,1759155558
89,50,16,1754496237,https://www.tiktok.com/@ethanstudio8286/video/9000000000000000089,62,49,0.7903225806451613,8.408163265306122,412,0.4153225806451613,33,1754439220,1759162521,1754439220,1759162521
90,28,21,1757996363,https://www.tiktok.com/@avalopez/video/9000000000000000090,3,2,0.6666666666666666,21,42,0.6666666666666666,2,1758010225,1758995493,1758010225,1758995493
91,22,24,1757131391,https://www.tiktok.com/@lucaswilson/video/9000000000000000091,11,7,0.6363636363636364,11.714285714285714,82,0.3106060606060606,7,1757229162,1759011189,1757229162,1759011189
92,27,33,1754987396,https://www.tiktok.com/@sophiasmith/video/9000000000000000092,28,17,0.6071428571428571,18.235294117647058,310,0.3354978354978355,15,1754978135,1759126915,1754978135,1759126915
93,48,10,1755398456,https://www.tiktok.com/@isabellahub287/video/9000000000000000093,22,14,0.6363636363636364,6.428571428571429,90,0.4090909090909091,13,1755396655,1758776648,1755396655,1758776648
94,27,35,1755045458,https://www.tiktok.com/@sophiasmith/video/9000000000000000094,49,36,0.7346938775510204,18.63888888888889,671,0.3912536443148688,33,1755064755,1759039081,1755064755,1759039081
95,5,24,1758646723,https://www.tiktok.com/@evelyndaily3219/video/9000000000000000095,4,2,0.5,14,28,0.2916666666666667,2,1754405673,1759158376,1754405673,1759158376
96,25,18,1758386278,https://www.tiktok.com/@evelyndaily8703/video/9000000000000000096,4,2,0.5,11.5,23,0.3194444444444444,2,1758709717,1759029360,1758709717,1759029360
97,57,38,1754715085,https://www.tiktok.com/@harpertaylor/video/9000000000000000097,42,31,0.7380952380952381,21.967741935483872,681,0.4266917293233083,23,1754727183,1758542252,1754727183,1758542252
98,21,24,1757194676,https://www.tiktok.com/@jamesmiller/video/9000000000000000098,6,5,0.8333333333333334,12.6,63,0.4375,5,1757204013,1758686384,1757204013,1758686384
99,8,34,1754581107,https://www.tiktok.com/@miastudio6290/video/9000000000000000099,59,29,0.4915254237288136,16.586206896551722,481,0.23978065802592222,27,1754529579,1759138823,1754529579,1759138823
100,10,20,1755388311,https://www.tiktok.com/@harperdavis/video/9000000000000000100,51,34,0.6666666666666666,10.264705882352942,349,0.34215686274509804,29,1755340408,1759175539,1755340408,1759175539
101,28,36,1755085448,https://www.tiktok.com/@avalopez/video/9000000000000000101,36,23,0.6388888888888888,18.217391304347824,419,0.32330246913580246,22,1755057940,1758999073,1755057940,1758999073
102,8,57,1754648723,https://www.tiktok.com/@miastudio6290/video/9000000000000000102,27,20,0.7407407407407407,32,640,0.4158544509421702,19,1754681444,1758968647,1754681444,1758968647
103,11,19,1754115968,https://www.tiktok.com/@masonfit2333/video/9000000000000000103,76,51,0.6710526315789473,10.823529411764707,552,0.3822714681440443,35,1754096431,1758819265,1754096431,1758819265
104,5,40,1757337111,https://www.tiktok.com/@evelyndaily3219/video/9000000000000000104,9,6,0.6666666666666666,20.666666666666668,124,0.34444444444444444,5,1757389820,1758939517,1757389820,1758939517
105,37,43,1758123659,https://www.tiktok.com/@charlottegarcia/video/9000000000000000105,14,10,0.7142857142857143,14.1,141,0.23421926910299004,7,1758074582,1759151173,1758074582,1759151173
106,34,22,1758614059,https://www.tiktok.com/@masonwilson/video/9000000000000000106,2,0,0,NA,0,0,0,1758621582,1758845240,1758621582,1758845240
107,3,22,1754019861,https://www.tiktok.com/@charlotteanderson/video/9000000000000000107,111,78,0.7027027027027027,12.85897435897436,1003,0.41072891072891077,50,1754014826,1758798206,1754014826,1758798206
108,5,19,1755547182,https://www.tiktok.com/@evelyndaily3219/video/9000000000000000108,25,20,0.8,11,220,0.4631578947368421,17,1755618148,1759175944,1755618148,1759175944
109,42,18,1759159939,https://www.tiktok.com/@noahlopez/video/9000000000000000109,0,0,NA,NA,0,NA,0,NA,NA,NA,NA
110,35,41,1755172683,https://www.tiktok.com/@evelyntv920/video/9000000000000000110,53,39,0.7358490566037735,23.307692307692307,909,0.4183156925908882,36,1755145209,1759075242,1755145209,1759075242
111,12,23,1756379232,https://www.tiktok.com/@ethanstudio5228/video/9000000000000000111,9,4,0.4444444444444444,14.75,59,0.28502415458937197,4,1756411150,1758990727,1756411150,1758990727
112,41,24,1757709406,https://www.tiktok.com/@noahjohnson_1/video/9000000000000000112,13,7,0.5384615384615384,14.714285714285714,103,0.3301282051282052,7,1757825439,1759176057,1757825439,1759176057
113,22,45,1758090998,https://www.tiktok.com/@lucaswilson/video/9000000000000000113,3,3,1,28.666666666666668,86,0.637037037037037,3,1758341716,1758987357,1758341716,1758987357
114,42,36,1758734967,https://www.tiktok.com/@noahlopez/video/9000000000000000114,4,3,0.75,18,54,0.375,3,1758692307,1758975900,1758692307,1758975900
115,50,29,1758296262,https://www.tiktok.com/@ethanstudio8286/video/9000000000000000115,4,2,0.5,29,58,0.5,2,1758251753,1758999079,1758251753,1758999079
116,60,22,1757824480,https://www.tiktok.com/@ethanallen/video/9000000000000000116,4,2,0.5,7,14,0.1590909090909091,2,1758042201,1758848214,1758042201,1758848214
117,50,52,1758106080,https://www.tiktok.com/@ethanstudio8286/video/9000000000000000117,3,2,0.6666666666666666,26,52,0.3333333333333333,2,1758430099,1758696618,1758430099,1758696618
118,16,33,1754182051,https://www.tiktok.com/@emmamartin/video/9000000000000000118,64,42,0.65625,17.333333333333332,728,0.3446969696969697,32,1754157607,1759182981,1754157607,1759182981
119,34,36,1757099959,https://www.tiktok.com/@masonwilson/video/9000000000000000119,13,8,0.6153846153846154,18.375,147,0.3141025641025641,8,1757280106,1758537007,1757280106,1758537007
120,34,17,1757704963,https://www.tiktok.com/@masonwilson/video/9000000000000000120,9,6,0.6666666666666666,15.166666666666666,91,0.5947712418300654,6,1757774185,1758998441,1757774185,1758998441
121,43,38,1756562367,https://www.tiktok.com/@jameswalker/video/9000000000000000121,19,17,0.8947368421052632,18.470588235294116,314,0.43490304709141275,17,1756591180,1758911345,1756591180,1758911345
122,7,48,1758680657,https://www.tiktok.com/@emmalee/video/9000000000000000122,1,1,1,19,19,0.3958333333333333,1,1758775867,1758775867,1758775867,1758775867
123,55,29,1755636680,https://www.tiktok.com/@sophiafit8328/video/9000000000000000123,34,18,0.5294117647058824,15.777777777777779,284,0.2880324543610548,14,1754043772,1759173728,1754043772,1759173728
124,24,24,1755500627,https://www.tiktok.com/@evelynjackson/video/9000000000000000124,20,8,0.4,15.625,125,0.26041666666666663,8,1755631894,1758899737,1755631894,1758899737
125,51,35,1757897088,https://www.tiktok.com/@miadavis/video/9000000000000000125,12,8,0.6666666666666666,15.5,124,0.29523809523809524,8,1754024511,1759072748,1754024511,1759072748
126,3,30,1758693543,https://www.tiktok.com/@charlotteanderson/video/9000000000000000126,9,8,0.8888888888888888,25.375,203,0.7518518518518519,4,1758720815,1759155928,1758720815,1759155928
127,4,10,1756765970,https://www.tiktok.com/@emmatv9884/video/9000000000000000127,9,7,0.7777777777777778,6.142857142857143,43,0.47777777777777775,7,1756728322,1758565868,1756728322,1758565868
128,24,21,1755036361,https://www.tiktok.com/@evelynjackson/video/9000000000000000128,39,28,0.717948717948718,12.178571428571429,341,0.4163614163614163,25,1755000615,1759181980,1755000615,1759181980
129,2,37,1758592792,https://www.tiktok.com/@isabelladaily931/video/9000000000000000129,2,2,1,37,74,1,2,1758792043,1758877261,1758792043,1758877261
130,59,10,1754636377,https://www.tiktok.com/@elijahtaylor/video/9000000000000000130,47,26,0.5531914893617021,5,130,0.2765957446808511,24,1754615845,1758800873,1754615845,1758800873
131,14,48,1755474919,https://www.tiktok.com/@ameliataylor/video/9000000000000000131,23,15,0.6521739130434783,23.866666666666667,358,0.3242753623188406,13,1755841803,1759160271,1755841803,1759160271
132,31,31,1754095037,https://www.tiktok.com/@lucasjackson/video/9000000000000000132,59,47,0.7966101694915254,20.72340425531915,974,0.5325314379442317,38,1754098548,1758845938,1754098548,1758845938
133,52,22,1757725661,https://www.tiktok.com/@miatv693/video/9000000000000000133,9,6,0.6666666666666666,7.5,45,0.22727272727272727,6,1754524858,1758797242,1754524858,1758797242
134,22,40,1758505068,https://www.tiktok.com/@lucaswilson/video/9000000000000000134,0,0,NA,NA,0,NA,0,NA,NA,NA,NA
135,56,36,1757324546,https://www.tiktok.com/@masonhall/video/9000000000000000135,11,8,0.7272727272727273,17.375,139,0.351010101010101,8,1757350686,1759117055,1757350686,1759117055
136,53,21,1756616319,https://www.tiktok.com/@charlotteyoung/video/9000000000000000136,29,23,0.7931034482758621,13.652173913043478,314,0.5155993431855501,21,1756658320,1759129433,1756658320,1759129433
137,3,33,1755384942,https://www.tiktok.com/@charlotteanderson/video/9000000000000000137,21,15,0.7142857142857143,12.133333333333333,182,0.26262626262626265,15,1755330607,1758993407,1755330607,1758993407
138,36,31,1754967808,https://www.tiktok.com/@henrythomas/video/9000000000000000138,40,25,0.625,18.84,471,0.37983870967741934,23,1755011342,1758999292,1755011342,1758999292
139,48,45,1756481554,https://www.tiktok.com/@isabellahub287/video/9000000000000000139,19,9,0.47368421052631576,26.11111111111111,235,0.27485380116959063,8,1756513216,1758603016,1756513216,1758603016
140,20,20,1754974631,https://www.tiktok.com/@sophiajohnson/video/9000000000000000140,37,25,0.6756756756756757,12.84,321,0.4337837837837838,21,1754965656,1758910226,1754965656,1758910226
141,7,22,1754589795,https://www.tiktok.com/@emmalee/video/9000000000000000141,50,32,0.64,12.6875,406,0.3690909090909091,23,1754538237,1758880786,1754538237,1758880786
142,40,47,1754321980,https://www.tiktok.com/@ameliataylor_1/video/9000000000000000142,61,42,0.6885245901639344,27.571428571428573,1158,0.40390652249738407,32,1754266051,1759131397,1754266051,1759131397
143,46,26,1758822223,https://www.tiktok.com/@benjaminhub4825/video/9000000000000000143,1,0,0,NA,0,0,0,1754043820,1754043820,1754043820,1754043820
144,7,34,1755691264,https://www.tiktok.com/@emmalee/video/9000000000000000144,19,11,0.5789473684210527,20,220,0.34055727554179566,10,1754024854,1759181597,1754024854,1759181597
145,33,36,1758338452,https://www.tiktok.com/@masonyoung/video/9000000000000000145,4,2,0.5,21.5,43,0.2986111111111111,2,1758363693,1758979603,1758363693,1758979603
146,42,26,1754782248,https://www.tiktok.com/@noahlopez/video/9000000000000000146,48,28,0.5833333333333334,12.571428571428571,352,0.28205128205128205,26,1754827445,1759155385,1754827445,1759155385
147,18,27,1756340677,https://www.tiktok.com/@masonofficial3682/video/9000000000000000147,40,25,0.625,14,350,0.32407407407407407,11,1756342040,1759155926,1756342040,1759155926
148,41,38,1757255703,https://www.tiktok.com/@noahjohnson_1/video/9000000000000000148,16,6,0.375,27.333333333333332,164,0.26973684210526316,5,1757309925,1758934409,1757309925,1758934409
149,47,52,1758227758,https://www.tiktok.com/@avawalker_1/video/9000000000000000149,6,6,1,32.333333333333336,194,0.6217948717948718,6,1758272939,1759117990,1758272939,1759117990
150,3,41,1756247515,https://www.tiktok.com/@charlotteanderson/video/9000000000000000150,27,12,0.4444444444444444,15.166666666666666,182,0.1644083107497742,9,1756193625,1759161917,1756193625,1759161917
151,22,34,1755875594,https://www.tiktok.com/@lucaswilson/video/9000000000000000151,45,20,0.4444444444444444,13.85,277,0.18104575163398692,17,1755840627,1759166592,1755840627,1759166592
152,6,37,1758341552,https://www.tiktok.com/@avagarcia/video/9000000000000000152,2,2,1,37,74,1,2,1758399434,1758642201,1758399434,1758642201
153,19,31,1754605882,https://www.tiktok.com/@elijahtv1416/video/9000000000000000153,54,43,0.7962962962962963,19.58139534883721,842,0.5029868578255675,26,1754526727,1758579256,1754526727,1758579256
154,19,32,1755745097,https://www.tiktok.com/@elijahtv1416/video/9000000000000000154,22,11,0.5,24,264,0.375,9,1756122998,1759117199,1756122998,1759117199
155,26,42,1757335243,https://www.tiktok.com/@noahlive7510/video/9000000000000000155,10,7,0.7,22.714285714285715,159,0.37857142857142856,7,1757586830,1758882946,1757586830,1758882946
156,19,28,1756261587,https://www.tiktok.com/@elijahtv1416/video/9000000000000000156,13,10,0.7692307692307693,17,170,0.46703296703296704,10,1756637068,1759117194,1756637068,1759117194
157,23,29,1759082756,https://www.tiktok.com/@jameshub7877/video/9000000000000000157,0,0,NA,NA,0,NA,0,NA,NA,NA,NA
158,47,18,1758327112,https://www.tiktok.com/@avawalker_1/video/9000000000000000158,5,3,0.6,14.333333333333334,43,0.47777777777777775,3,1758362445,1758780059,1758362445,1758780059
159,60,31,1758016887,https://www.tiktok.com/@ethanallen/video/9000000000000000159,3,2,0.6666666666666666,7,14,0.15053763440860216,2,1758175631,1758425162,1758175631,1758425162
160,22,21,1758645827,https://www.tiktok.com/@lucaswilson/video/9000000000000000160,4,4,1,10.25,41,0.4880952380952381,4,1754024489,1759171303,1754024489,1759171303
161,28,27,1757841615,https://www.tiktok.com/@avalopez/video/9000000000000000161,12,8,0.6666666666666666,16.75,134,0.41358024691358025,8,1757949571,1759122097,1757949571,1759122097
162,27,39,1754580990,https://www.tiktok.com/@sophiasmith/video/9000000000000000162,38,29,0.7631578947368421,18.448275862068964,535,0.36099865047233465,24,1754530337,1758992662,1754530337,1758992662
163,47,28,1755485549,https://www.tiktok.com/@avawalker_1/video/9000000000000000163,27,21,0.7777777777777778,16.428571428571427,345,0.45634920634920634,16,1755478871,1758790941,1755478871,1758790941
164,55,27,1754134409,https://www.tiktok.com/@sophiafit8328/video/9000000000000000164,84,59,0.7023809523809523,16.423728813559322,969,0.4272486772486772,37,1754139255,1758871402,1754139255,1758871402
165,58,32,1756289882,https://www.tiktok.com/@oliviahall/video/9000000000000000165,18,13,0.7222222222222222,17.53846153846154,228,0.3958333333333333,12,1756576344,1758910985,1756576344,1758910985
166,7,10,1758854769,https://www.tiktok.com/@emmalee/video/9000000000000000166,2,1,0.5,4,4,0.2,1,1759106015,1759144037,1759106015,1759144037
167,60,44,1756502832,https://www.tiktok.com/@ethanallen/video/9000000000000000167,17,15,0.8823529411764706,21.733333333333334,326,0.4358288770053476,15,1754038196,1759084276,1754038196,1759084276
168,19,20,1754735030,https://www.tiktok.com/@elijahtv1416/video/9000000000000000168,30,17,0.5666666666666667,9,153,0.255,15,1754717589,1758860000,1754717589,1758860000
169,28,23,1755359319,https://www.tiktok.com/@avalopez/video/9000000000000000169,40,31,0.775,14.419354838709678,447,0.48586956521739133,25,1755340401,1759182900,1755340401,1759182900
170,13,46,1758686331,https://www.tiktok.com/@lucashall/video/9000000000000000170,3,1,0.3333333333333333,11,11,0.07971014492753624,1,1758768131,1759020553,1758768131,1759020553
171,42,34,1756758873,https://www.tiktok.com/@noahlopez/video/9000000000000000171,13,8,0.6153846153846154,16.75,134,0.30316742081447967,8,1756819336,1759175951,1756819336,1759175951
172,8,31,1758860036,https://www.tiktok.com/@miastudio6290/video/9000000000000000172,3,3,1,23.333333333333332,70,0.7526881720430106,3,1758949558,1759039048,1758949558,1759039048
173,55,23,1757538643,https://www.tiktok.com/@sophiafit8328/video/9000000000000000173,12,11,0.9166666666666666,9.363636363636363,103,0.3731884057971015,11,1754024024,1759092045,1754024024,1759092045
174,20,13,1755018325,https://www.tiktok.com/@sophiajohnson/video/9000000000000000174,27,16,0.5925925925925926,7.25,116,0.3304843304843305,13,1755196172,1759137834,1755196172,1759137834
175,22,10,1755414655,https://www.tiktok.com/@lucaswilson/video/9000000000000000175,42,26,0.6190476190476191,4.346153846153846,113,0.2690476190476191,21,1755430275,1759166602,1755430275,1759166602
176,60,33,1756188280,https://www.tiktok.com/@ethanallen/video/9000000000000000176,19,14,0.7368421052631579,18.214285714285715,255,0.40669856459330145,13,1756232105,1759111767,1756232105,1759111767
177,29,42,1757591912,https://www.tiktok.com/@sophialee/video/9000000000000000177,11,4,0.36363636363636365,12.75,51,0.11038961038961038,4,1757671489,1759070317,1757671489,1759070317
178,45,32,1756563510,https://www.tiktok.com/@lucasmartin/video/9000000000000000178,13,12,0.9230769230769231,14.583333333333334,175,0.4206730769230769,11,1756728473,1758837221,1756728473,1758837221
179,43,10,1755744822,https://www.tiktok.com/@jameswalker/video/9000000000000000179,15,10,0.6666666666666666,6.9,69,0.46,10,1756229289,1758745077,1756229289,1758745077
180,51,23,1757399929,https://www.tiktok.com/@miadavis/video/9000000000000000180,4,3,0.75,11,33,0.358695652173913,3,1757675910,1758924868,1757675910,1758924868
181,33,31,1758418488,https://www.tiktok.com/@masonyoung/video/9000000000000000181,6,4,0.6666666666666666,15.75,63,0.3387096774193548,4,1758512482,1759117184,1758512482,1759117184
182,8,26,1756242649,https://www.tiktok.com/@miastudio6290/video/9000000000000000182,30,13,0.43333333333333335,13.76923076923077,179,0.2294871794871795,13,1756174366,1758994254,1756174366,1758994254
183,43,10,1758232345,https://www.tiktok.com/@jameswalker/video/9000000000000000183,5,3,0.6,4.333333333333333,13,0.26,3,1758198568,1759105190,1758198568,1759105190
184,40,42,1757282173,https://www.tiktok.com/@ameliataylor_1/video/9000000000000000184,9,6,0.6666666666666666,21.5,129,0.3412698412698412,5,1757359613,1759053788,1757359613,1759053788
185,4,42,1757198485,https://www.tiktok.com/@emmatv9884/video/9000000000000000185,13,6,0.46153846153846156,24.5,147,0.2692307692307692,5,1757368307,1758919595,1757368307,1758919595
186,6,31,1758402406,https://www.tiktok.com/@avagarcia/video/9000000000000000186,6,5,0.8333333333333334,14.6,73,0.39247311827956993,5,1754037944,1758957816,1754037944,1758957816
187,20,31,1758382257,https://www.tiktok.com/@sophiajohnson/video/9000000000000000187,1,0,0,NA,0,0,0,1758769520,1758769520,1758769520,1758769520
188,34,21,1758183080,https://www.tiktok.com/@masonwilson/video/9000000000000000188,2,1,0.5,1,1,0.023809523809523808,1,1758660614,1759000005,1758660614,1759000005
189,48,36,1755391949,https://www.tiktok.com/@isabellahub287/video/9000000000000000189,29,17,0.5862068965517241,25.764705882352942,438,0.41954022988505746,12,1755450877,1758821378,1755450877,1758821378
190,40,33,1757772792,https://www.tiktok.com/@ameliataylor_1/video/9000000000000000190,13,6,0.46153846153846156,11.333333333333334,68,0.1585081585081585,6,1757731661,1759176033,1757731661,1759176033
191,50,20,1756146655,https://www.tiktok.com/@ethanstudio8286/video/9000000000000000191,15,9,0.6,8.333333333333334,75,0.25,9,1756234156,1759176831,1756234156,1759176831
192,22,44,1755255994,https://www.tiktok.com/@lucaswilson/video/9000000000000000192,28,14,0.5,24.285714285714285,340,0.275974025974026,13,1755270376,1759003392,1755270376,1759003392
193,22,30,1757621818,https://www.tiktok.com/@lucaswilson/video/9000000000000000193,5,3,0.6,13.666666666666666,41,0.2733333333333333,3,1757752004,1758374457,1757752004,1758374457
194,13,36,1754355734,https://www.tiktok.com/@lucashall/video/9000000000000000194,72,37,0.5138888888888888,19.43243243243243,719,0.27739197530864196,29,1754365509,1759105289,1754365509,1759105289
195,17,20,1756984465,https://www.tiktok.com/@evelyngarcia/video/9000000000000000195,19,12,0.631578947368421,7.5,90,0.23684210526315788,12,1757125267,1758895626,1757125267,1758895626
196,54,42,1756712148,https://www.tiktok.com/@noahclark/video/9000000000000000196,7,6,0.8571428571428571,21.833333333333332,131,0.445578231292517,6,1756882777,1758528171,1756882777,1758528171
197,35,45,1755946250,https://www.tiktok.com/@evelyntv920/video/9000000000000000197,19,10,0.5263157894736842,29,290,0.33918128654970764,10,1755907957,1758952781,1755907957,1758952781
198,25,57,1757175803,https://www.tiktok.com/@evelyndaily8703/video/9000000000000000198,13,9,0.6923076923076923,28.11111111111111,253,0.34143049932523617,9,1757400699,1759168194,1757400699,1759168194
199,43,32,1756219891,https://www.tiktok.com/@jameswalker/video/9000000000000000199,23,18,0.782608695652174,21.555555555555557,388,0.5271739130434783,15,1756288276,1758509117,1756288276,1758509117
200,4,23,1755458311,https://www.tiktok.com/@emmatv9884/video/9000000000000000200,33,23,0.696969696969697,11.608695652173912,267,0.3517786561264822,18,1754064442,1759023511,1754064442,1759023511
201,2,41,1757047951,https://www.tiktok.com/@isabelladaily931/video/9000000000000000201,10,7,0.7,27.857142857142858,195,0.47560975609756095,6,1757235147,1759137439,1757235147,1759137439
202,43,25,1757305254,https://www.tiktok.com/@jameswalker/video/9000000000000000202,10,7,0.7,17.857142857142858,125,0.5,7,1757309563,1759153978,1757309563,1759153978
203,45,23,1757459739,https://www.tiktok.com/@lucasmartin/video/9000000000000000203,5,3,0.6,20.333333333333332,61,0.5304347826086957,3,1757584462,1758998388,1757584462,1758998388
204,44,37,1754147974,https://www.tiktok.com/@jamessmith/video/9000000000000000204,74,55,0.7432432432432432,18.2,1001,0.36559532505478454,43,1754114917,1758972260,1754114917,1758972260
205,45,29,1755665281,https://www.tiktok.com/@lucasmartin/video/9000000000000000205,23,17,0.7391304347826086,17.764705882352942,302,0.4527736131934033,16,1755693853,1759129457,1755693853,1759129457
206,40,16,1757012452,https://www.tiktok.com/@ameliataylor_1/video/9000000000000000206,15,12,0.8,7.833333333333333,94,0.39166666666666666,11,1757050302,1759053914,1757050302,1759053914
207,46,23,1756261548,https://www.tiktok.com/@benjaminhub4825/video/9000000000000000207,22,12,0.5454545454545454,11,132,0.2608695652173913,12,1756430434,1758995260,1756430434,1758995260
208,55,45,1755150285,https://www.tiktok.com/@sophiafit8328/video/9000000000000000208,29,23,0.7931034482758621,22.652173913043477,521,0.39923371647509576,17,1755152138,1759175986,1755152138,1759175986
209,8,22,1756887197,https://www.tiktok.com/@miastudio6290/video/9000000000000000209,14,10,0.7142857142857143,12.4,124,0.4025974025974026,8,1756902159,1759093714,1756902159,1759093714
210,10,18,1758356552,https://www.tiktok.com/@harperdavis/video/9000000000000000210,3,0,0,NA,0,0,0,1758595284,1758875466,1758595284,1758875466
211,47,34,1755706515,https://www.tiktok.com/@avawalker_1/video/9000000000000000211,38,26,0.6842105263157895,17.923076923076923,466,0.3606811145510836,25,1755738851,1759140262,1755738851,1759140262
212,43,47,1757052907,https://www.tiktok.com/@jameswalker/video/9000000000000000212,10,10,1,34.7,347,0.7382978723404255,10,1757137038,1758781194,1757137038,1758781194
213,17,39,1756214227,https://www.tiktok.com/@evelyngarcia/video/9000000000000000213,20,11,0.55,29,319,0.40897435897435896,11,1754341838,1758579208,1754341838,1758579208
214,26,40,1754522190,https://www.tiktok.com/@noahlive7510/video/9000000000000000214,47,28,0.5957446808510638,17.392857142857142,487,0.2590425531914894,24,1754206511,1759181659,1754206511,1759181659
215,56,41,1758557436,https://www.tiktok.com/@masonhall/video/9000000000000000215,2,2,1,6.5,13,0.15853658536585366,2,1759010884,1759077492,1759010884,1759077492
216,38,43,1757592821,https://www.tiktok.com/@miamedia9085/video/9000000000000000216,6,1,0.16666666666666666,43,43,0.16666666666666666,1,1757655295,1758963150,1757655295,1758963150
217,11,35,1756243668,https://www.tiktok.com/@masonfit2333/video/9000000000000000217,16,9,0.5625,17.22222222222222,155,0.2767857142857143,9,1756192593,1758785024,1756192593,1758785024
218,34,17,1754597404,https://www.tiktok.com/@masonwilson/video/9000000000000000218,46,35,0.7608695652173914,7.428571428571429,260,0.33248081841432225,32,1754548903,1759140314,1754548903,1759140314
219,38,41,1756145052,https://www.tiktok.com/@miamedia9085/video/9000000000000000219,14,11,0.7857142857142857,21.545454545454547,237,0.41289198606271776,11,1756176556,1758995263,1756176556,1758995263
220,36,21,1758964608,https://www.tiktok.com/@henrythomas/video/9000000000000000220,0,0,NA,NA,0,NA,0,NA,NA,NA,NA
221,2,33,1756154886,https://www.tiktok.com/@isabelladaily931/video/9000000000000000221,27,14,0.5185185185185185,16.857142857142858,236,0.2648709315375982,11,1756111198,1759173744,1756111198,1759173744
222,16,20,1755241328,https://www.tiktok.com/@emmamartin/video/9000000000000000222,28,16,0.5714285714285714,12.4375,199,0.3553571428571428,16,1755285198,1759106072,1755285198,1759106072
223,26,35,1755191645,https://www.tiktok.com/@noahlive7510/video/9000000000000000223,54,40,0.7407407407407407,16.825,673,0.35608465608465606,34,1755178368,1759173750,1755178368,1759173750
224,7,16,1757895300,https://www.tiktok.com/@emmalee/video/9000000000000000224,5,2,0.4,9.5,19,0.2375,2,1758285275,1759053769,1758285275,1759053769
225,53,18,1757081620,https://www.tiktok.com/@charlotteyoung/video/9000000000000000225,20,15,0.75,6.866666666666666,103,0.2861111111111111,14,1757030677,1758912180,1757030677,1758912180
226,43,12,1755941833,https://www.tiktok.com/@jameswalker/video/9000000000000000226,20,12,0.6,7.916666666666667,95,0.39583333333333337,12,1755984525,1759159019,1755984525,1759159019
227,30,29,1758092030,https://www.tiktok.com/@avawalker/video/9000000000000000227,4,4,1,10,40,0.3448275862068966,4,1758423945,1758882985,1758423945,1758882985
228,45,38,1755330700,https://www.tiktok.com/@lucasmartin/video/9000000000000000228,31,24,0.7741935483870968,17.958333333333332,431,0.36587436332767403,20,1755401354,1759163994,1755401354,1759163994
229,56,19,1756050109,https://www.tiktok.com/@masonhall/video/9000000000000000229,21,19,0.9047619047619048,11.68421052631579,222,0.556390977443609,15,1756035521,1758660058,1756035521,1758660058
230,58,11,1754965425,https://www.tiktok.com/@oliviahall/video/9000000000000000230,42,33,0.7857142857142857,5.03030303030303,166,0.35930735930735935,31,1754965713,1759151844,1754965713,1759151844
231,3,42,1755482722,https://www.tiktok.com/@charlotteanderson/video/9000000000000000231,18,11,0.6111111111111112,18.181818181818183,200,0.26455026455026454,9,1755794960,1759030769,1755794960,1759030769
232,54,30,1755658108,https://www.tiktok.com/@noahclark/video/9000000000000000232,26,13,0.5,13.23076923076923,172,0.2205128205128205,13,1755751631,1758905187,1755751631,1758905187
233,44,22,1755412727,https://www.tiktok.com/@jamessmith/video/9000000000000000233,40,21,0.525,14.095238095238095,296,0.33636363636363636,17,1755449648,1759129470,1755449648,1759129470
234,39,27,1756896267,https://www.tiktok.com/@avatv5794/video/9000000000000000234,11,8,0.7272727272727273,14.25,114,0.38383838383838387,8,1757032278,1759175427,1757032278,1759175427
235,60,25,1757960152,https://www.tiktok.com/@ethanallen/video/9000000000000000235,8,6,0.75,15.166666666666666,91,0.455,6,1757897154,1758911366,1757897154,1758911366
236,5,16,1756987903,https://www.tiktok.com/@evelyndaily3219/video/9000000000000000236,17,12,0.7058823529411765,9.666666666666666,116,0.4264705882352941,10,1754043794,1759146992,1754043794,1759146992
237,35,32,1757909578,https://www.tiktok.com/@evelyntv920/video/9000000000000000237,10,7,0.7,22.714285714285715,159,0.496875,7,1758019791,1759146985,1758019791,1759146985
238,4,21,1755892389,https://www.tiktok.com/@emmatv9884/video/9000000000000000238,21,10,0.47619047619047616,12.8,128,0.29024943310657597,8,1755822180,1758938393,1755822180,1758938393
239,45,35,1759167607,https://www.tiktok.com/@lucasmartin/video/9000000000000000239,0,0,NA,NA,0,NA,0,NA,NA,NA,NA
240,27,10,1755180930,https://www.tiktok.com/@sophiasmith/video/9000000000000000240,23,15,0.6521739130434783,6.333333333333333,95,0.41304347826086957,14,1755308638,1758787877,1755308638,1758787877
241,45,30,1757155230,https://www.tiktok.com/@lucasmartin/video/9000000000000000241,8,2,0.25,18,36,0.15,2,1757253168,1758894501,1757253168,1758894501
242,6,36,1756598574,https://www.tiktok.com/@avagarcia/video/9000000000000000242,21,16,0.7619047619047619,13.4375,215,0.2843915343915344,14,1756618835,1759049472,1756618835,1759049472
243,42,38,1756666180,https://www.tiktok.com/@noahlopez/video/9000000000000000243,18,17,0.9444444444444444,22.352941176470587,380,0.5555555555555556,15,1754043500,1759181792,1754043500,1759181792
244,6,44,1759009355,https://www.tiktok.com/@avagarcia/video/9000000000000000244,3,3,1,17.666666666666668,53,0.40151515151515155,3,1758975167,1759153189,1758975167,1759153189
245,55,29,1754464752,https://www.tiktok.com/@sophiafit8328/video/9000000000000000245,43,31,0.7209302325581395,15.612903225806452,484,0.38813151563753007,27,1754172343,1759176157,1754172343,1759176157
246,25,19,1757113646,https://www.tiktok.com/@evelyndaily8703/video/9000000000000000246,13,7,0.5384615384615384,15.285714285714286,107,0.43319838056680166,7,1757178481,1759038545,1757178481,1759038545
247,53,37,1754339078,https://www.tiktok.com/@charlotteyoung/video/9000000000000000247,55,41,0.7454545454545455,22.121951219512194,907,0.4457002457002457,32,1754278235,1758656654,1754278235,1758656654
248,29,34,1754780293,https://www.tiktok.com/@sophialee/video/9000000000000000248,36,22,0.6111111111111112,20.818181818181817,458,0.3741830065359477,22,1754722231,1759043897,1754722231,1759043897
249,25,32,1758818532,https://www.tiktok.com/@evelyndaily8703/video/9000000000000000249,1,1,1,32,32,1,1,1759121896,1759121896,1759121896,1759121896
250,54,36,1755280435,https://www.tiktok.com/@noahclark/video/9000000000000000250,60,34,0.5666666666666667,17.735294117647058,603,0.2791666666666667,30,1755219621,1758932115,1755219621,1758932115
251,16,36,1755221474,https://www.tiktok.com/@emmamartin/video/9000000000000000251,26,18,0.6923076923076923,26.333333333333332,474,0.5064102564102564,17,1755413331,1759088510,1755413331,1759088510
252,45,21,1757161423,https://www.tiktok.com/@lucasmartin/video/9000000000000000252,11,5,0.45454545454545453,10,50,0.21645021645021645,5,1757144658,1759063538,1757144658,1759063538
253,37,31,1754230396,https://www.tiktok.com/@charlottegarcia/video/9000000000000000253,69,42,0.6086956521739131,16.714285714285715,702,0.3281907433380084,32,1754190457,1758987393,1754190457,1758987393
254,27,43,1754563592,https://www.tiktok.com/@sophiasmith/video/9000000000000000254,48,31,0.6458333333333334,21.258064516129032,659,0.3192829457364341,27,1754532357,1759108437,1754532357,1759108437
255,4,22,1758806928,https://www.tiktok.com/@emmatv9884/video/9000000000000000255,2,0,0,NA,0,0,0,1758760190,1758877412,1758760190,1758877412
256,44,25,1754547081,https://www.tiktok.com/@jamessmith/video/9000000000000000256,47,31,0.6595744680851063,17.451612903225808,541,0.4604255319148936,27,1754542827,1759088990,1754542827,1759088990
257,34,43,1754188160,https://www.tiktok.com/@masonwilson/video/9000000000000000257,58,38,0.6551724137931034,23.473684210526315,892,0.35765838011226947,31,1754179773,1758863708,1754179773,1758863708
258,7,18,1755040593,https://www.tiktok.com/@emmalee/video/9000000000000000258,46,38,0.8260869565217391,8.842105263157896,336,0.4057971014492754,35,1755066049,1759175519,1755066049,1759175519
259,3,31,1757051758,https://www.tiktok.com/@charlotteanderson/video/9000000000000000259,14,8,0.5714285714285714,16,128,0.29493087557603687,7,1757086026,1759117138,1757086026,1759117138
260,60,19,1755155720,https://www.tiktok.com/@ethanallen/video/9000000000000000260,40,29,0.725,8.724137931034482,253,0.33289473684210524,26,1755150113,1759061184,1755150113,1759061184
261,40,25,1754346523,https://www.tiktok.com/@ameliataylor_1/video/9000000000000000261,70,45,0.6428571428571429,14.733333333333333,663,0.37885714285714284,39,1754278107,1758931367,1754278107,1758931367
262,40,41,1756285515,https://www.tiktok.com/@ameliataylor_1/video/9000000000000000262,14,7,0.5,30,210,0.36585365853658536,7,1756488022,1758534380,1756488022,1758534380
263,14,27,1757360822,https://www.tiktok.com/@ameliataylor/video/9000000000000000263,14,13,0.9285714285714286,17.76923076923077,231,0.611111111111111,9,1757300569,1759133616,1757300569,1759133616
264,16,16,1754214827,https://www.tiktok.com/@emmamartin/video/9000000000000000264,109,65,0.5963302752293578,8.815384615384616,573,0.32855504587155965,47,1754190313,1758966392,1754190313,1758966392
265,5,39,1757721598,https://www.tiktok.com/@evelyndaily3219/video/9000000000000000265,8,3,0.375,20.333333333333332,61,0.1955128205128205,3,1757744258,1759155401,1757744258,1759155401
266,1,10,1755993932,https://www.tiktok.com/@evelynlive4018/video/9000000000000000266,28,18,0.6428571428571429,4.5,81,0.28928571428571426,17,1756050219,1759183026,1756050219,1759183026
267,7,22,1754710539,https://www.tiktok.com/@emmalee/video/9000000000000000267,37,25,0.6756756756756757,13.8,345,0.4238329238329238,20,1754736128,1758664001,1754736128,1758664001
268,24,42,1755008757,https://www.tiktok.com/@evelynjackson/video/9000000000000000268,27,15,0.5555555555555556,18.733333333333334,281,0.24779541446208114,13,1754968457,1759079687,1754968457,1759079687
269,43,23,1756030804,https://www.tiktok.com/@jameswalker/video/9000000000000000269,24,14,0.5833333333333334,11.857142857142858,166,0.3007246376811594,13,1756029455,1758995287,1756029455,1758995287
270,43,33,1758177220,https://www.tiktok.com/@jameswalker/video/9000000000000000270,7,3,0.42857142857142855,13,39,0.16883116883116883,3,1758256360,1759108532,1758256360,1759108532
271,50,29,1757390641,https://www.tiktok.com/@ethanstudio8286/video/9000000000000000271,14,11,0.7857142857142857,17.181818181818183,189,0.4655172413793104,11,1757510339,1759105094,1757510339,1759105094
272,13,10,1758792129,https://www.tiktok.com/@lucashall/video/9000000000000000272,3,2,0.6666666666666666,6.5,13,0.43333333333333335,2,1758920222,1759096030,1758920222,1759096030
273,20,39,1759000392,https://www.tiktok.com/@sophiajohnson/video/9000000000000000273,0,0,NA,NA,0,NA,0,NA,NA,NA,NA
274,20,32,1755369536,https://www.tiktok.com/@sophiajohnson/video/9000000000000000274,27,20,0.7407407407407407,18.15,363,0.4201388888888889,18,1755363251,1758975880,1755363251,1758975880
275,58,31,1756668618,https://www.tiktok.com/@oliviahall/video/9000000000000000275,10,6,0.6,19,114,0.36774193548387096,6,1757063347,1759123716,1757063347,1759123716
276,59,27,1755524883,https://www.tiktok.com/@elijahtaylor/video/9000000000000000276,31,23,0.7419354838709677,9.869565217391305,227,0.27120669056152924,20,1755562750,1759159035,1755562750,1759159035
277,47,20,1757362344,https://www.tiktok.com/@avawalker_1/video/9000000000000000277,18,14,0.7777777777777778,11.428571428571429,160,0.4444444444444444,10,1757594860,1759048131,1757594860,1759048131
278,53,32,1754885984,https://www.tiktok.com/@charlotteyoung/video/9000000000000000278,45,34,0.7555555555555555,18.264705882352942,621,0.43125,26,1754901839,1758911348,1754901839,1758911348
279,13,30,1758724075,https://www.tiktok.com/@lucashall/video/9000000000000000279,3,3,1,9,27,0.3,3,1758821800,1759163237,1758821800,1759163237
280,33,23,1755403184,https://www.tiktok.com/@masonyoung/video/9000000000000000280,32,23,0.71875,14.304347826086957,329,0.4470108695652174,21,1755422753,1758711655,1755422753,1758711655
281,26,32,1758142479,https://www.tiktok.com/@noahlive7510/video/9000000000000000281,5,4,0.8,12,48,0.3,4,1758135518,1759073786,1758135518,1759073786
282,31,40,1758596241,https://www.tiktok.com/@lucasjackson/video/9000000000000000282,5,2,0.4,30,60,0.3,2,1758627524,1759151889,1758627524,1759151889
283,43,32,1757472084,https://www.tiktok.com/@jameswalker/video/9000000000000000283,6,3,0.5,19.666666666666668,59,0.3072916666666667,3,1757565713,1758871345,1757565713,1758871345
284,40,38,1757834549,https://www.tiktok.com/@ameliataylor_1/video/9000000000000000284,5,3,0.6,9.666666666666666,29,0.1526315789473684,3,1757857783,1758436083,1757857783,1758436083
285,48,37,1758173391,https://www.tiktok.com/@isabellahub287/video/9000000000000000285,6,5,0.8333333333333334,21,105,0.47297297297297297,5,1758154272,1759176066,1758154272,1759176066
286,23,34,1756431116,https://www.tiktok.com/@jameshub7877/video/9000000000000000286,11,7,0.6363636363636364,23.857142857142858,167,0.446524064171123,7,1756478801,1759075003,1756478801,1759075003
287,25,16,1756269624,https://www.tiktok.com/@evelyndaily8703/video/9000000000000000287,14,9,0.6428571428571429,7.222222222222222,65,0.29017857142857145,9,1756357729,1759022144,1756357729,1759022144
288,33,43,1754784313,https://www.tiktok.com/@masonyoung/video/9000000000000000288,53,36,0.6792452830188679,21.77777777777778,784,0.3440105309346205,33,1754794256,1759035955,1754794256,1759035955
289,29,35,1754576248,https://www.tiktok.com/@sophialee/video/9000000000000000289,46,35,0.7608695652173914,20.6,721,0.44782608695652176,29,1754529704,1758750973,1754529704,1758750973
290,46,46,1757743593,https://www.tiktok.com/@benjaminhub4825/video/9000000000000000290,11,5,0.45454545454545453,24,120,0.23715415019762845,5,1757798694,1759077673,1757798694,1759077673
291,44,34,1755206785,https://www.tiktok.com/@jamessmith/video/9000000000000000291,37,30,0.8108108108108109,21.133333333333333,634,0.5039745627980923,26,1755160968,1758629349,1755160968,1758629349
292,9,27,1756863345,https://www.tiktok.com/@noahjohnson/video/9000000000000000292,16,12,0.75,16.666666666666668,200,0.46296296296296297,11,1756896986,1758673133,1756896986,1758673133
293,59,24,1758752155,https://www.tiktok.com/@elijahtaylor/video/9000000000000000293,2,0,0,NA,0,0,0,1758973429,1758975218,1758973429,1758975218
294,26,17,1758472382,https://www.tiktok.com/@noahlive7510/video/9000000000000000294,3,3,1,12.666666666666666,38,0.7450980392156863,3,1758536491,1759063558,1758536491,1759063558
295,22,34,1756241663,https://www.tiktok.com/@lucaswilson/video/9000000000000000295,20,13,0.65,20.923076923076923,272,0.4,12,1756166653,1758987299,1756166653,1758987299
296,8,47,1755576005,https://www.tiktok.com/@miastudio6290/video/9000000000000000296,31,24,0.7741935483870968,21.041666666666668,505,0.3466026080988332,20,1755668646,1759107122,1755668646,1759107122
297,14,46,1755269262,https://www.tiktok.com/@ameliataylor/video/9000000000000000297,47,34,0.723404255319149,22.647058823529413,770,0.3561517113783534,29,1755265847,1758792249,1755265847,1758792249
298,47,35,1756697045,https://www.tiktok.com/@avawalker_1/video/9000000000000000298,12,9,0.75,16.555555555555557,149,0.3547619047619048,9,1756952169,1758908252,1756952169,1758908252
299,58,55,1754007833,https://www.tiktok.com/@oliviahall/video/9000000000000000299,112,84,0.75,31.86904761904762,2677,0.43457792207792206,52,1754007252,1758920228,1754007252,1758920228
300,25,41,1758693120,https://www.tiktok.com/@evelyndaily8703/video/9000000000000000300,3,2,0.6666666666666666,41,82,0.6666666666666666,2,1758750907,1758810767,1758750907,1758810767
301,18,10,1757293100,https://www.tiktok.com/@masonofficial3682/video/9000000000000000301,11,7,0.6363636363636364,5.714285714285714,40,0.36363636363636365,7,1757561120,1758890983,1757561120,1758890983
302,22,20,1758468254,https://www.tiktok.com/@lucaswilson/video/9000000000000000302,15,13,0.8666666666666667,8.846153846153847,115,0.38333333333333336,12,1758482802,1759140240,1758482802,1759140240
303,28,25,1755190673,https://www.tiktok.com/@avalopez/video/9000000000000000303,37,23,0.6216216216216216,14.26086956521739,328,0.35459459459459464,21,1755177074,1758430552,1755177074,1758430552
304,25,47,1754016319,https://www.tiktok.com/@evelyndaily8703/video/9000000000000000304,138,88,0.6376811594202898,21.977272727272727,1934,0.2981806968855997,59,1754007267,1758802925,1754007267,1758802925
305,20,26,1755989600,https://www.tiktok.com/@sophiajohnson/video/9000000000000000305,22,17,0.7727272727272727,13.705882352941176,233,0.40734265734265734,17,1755950882,1759047792,1755950882,1759047792
306,37,30,1757149467,https://www.tiktok.com/@charlottegarcia/video/9000000000000000306,11,7,0.6363636363636364,14.714285714285714,103,0.3121212121212121,7,1757213602,1759146931,1757213602,1759146931
307,2,40,1755735485,https://www.tiktok.com/@isabelladaily931/video/9000000000000000307,23,17,0.7391304347826086,20.294117647058822,345,0.375,15,1755771511,1759160306,1755771511,1759160306
308,2,32,1755401215,https://www.tiktok.com/@isabelladaily931/video/9000000000000000308,27,17,0.6296296296296297,21.823529411764707,371,0.42939814814814814,16,1755477629,1759105127,1755477629,1759105127
309,52,26,1755663223,https://www.tiktok.com/@miatv693/video/9000000000000000309,39,30,0.7692307692307693,11.4,342,0.33727810650887574,26,1755742578,1759181596,1755742578,1759181596
310,54,25,1758732570,https://www.tiktok.com/@noahclark/video/9000000000000000310,5,2,0.4,3.5,7,0.05600000000000001,2,1758769604,1759045445,1758769604,1759045445
311,12,41,1755209309,https://www.tiktok.com/@ethanstudio5228/video/9000000000000000311,37,23,0.6216216216216216,19.695652173913043,453,0.2986156888595913,20,1755197569,1759116286,1755197569,1759116286
312,5,30,1758353308,https://www.tiktok.com/@evelyndaily3219/video/9000000000000000312,7,6,0.8571428571428571,19.833333333333332,119,0.5666666666666667,6,1758444677,1758873597,1758444677,1758873597
313,48,35,1758989028,https://www.tiktok.com/@isabellahub287/video/9000000000000000313,4,3,0.75,19.333333333333332,58,0.41428571428571426,3,1759137841,1759177453,1759137841,1759177453
314,27,19,1755854779,https://www.tiktok.com/@sophiasmith/video/9000000000000000314,27,23,0.8518518518518519,11.826086956521738,272,0.530214424951267,20,1755919578,1759094042,1755919578,1759094042
315,54,39,1754615268,https://www.tiktok.com/@noahclark/video/9000000000000000315,50,29,0.58,23.655172413793103,686,0.35179487179487184,25,1754672868,1758992345,1754672868,1758992345
316,32,23,1754252908,https://www.tiktok.com/@emmadavis/video/9000000000000000316,70,49,0.7,12.673469387755102,621,0.38571428571428573,33,1754190057,1759062099,1754190057,1759062099
317,52,49,1755619947,https://www.tiktok.com/@miatv693/video/9000000000000000317,25,17,0.68,28.647058823529413,487,0.39755102040816326,16,1755613274,1759158334,1755613274,1759158334
318,29,41,1758378487,https://www.tiktok.com/@sophialee/video/9000000000000000318,4,2,0.5,14,28,0.17073170731707316,2,1758600710,1759146814,1758600710,1759146814
319,30,26,1757372881,https://www.tiktok.com/@avawalker/video/9000000000000000319,14,8,0.5714285714285714,13.25,106,0.2912087912087912,8,1757315854,1758739003,1757315854,1758739003
320,53,19,1757384505,https://www.tiktok.com/@charlotteyoung/video/9000000000000000320,7,4,0.5714285714285714,12.75,51,0.38345864661654133,4,1757607511,1758967882,1757607511,1758967882
321,47,24,1758525362,https://www.tiktok.com/@avawalker_1/video/9000000000000000321,3,3,1,17.666666666666668,53,0.7361111111111112,3,1758868038,1759153226,1758868038,1759153226
322,16,49,1754478252,https://www.tiktok.com/@emmamartin/video/9000000000000000322,91,61,0.6703296703296703,24.704918032786885,1507,0.3379681542946849,49,1754439249,1759153295,1754439249,1759153295
323,4,52,1756060594,https://www.tiktok.com/@emmatv9884/video/9000000000000000323,24,21,0.875,31.095238095238095,653,0.5232371794871795,17,1756047098,1759175465,1756047098,1759175465
324,28,40,1756191543,https://www.tiktok.com/@avalopez/video/9000000000000000324,31,20,0.6451612903225806,23,460,0.3709677419354839,19,1756176508,1758967981,1756176508,1758967981
325,27,10,1756147139,https://www.tiktok.com/@sophiasmith/video/9000000000000000325,19,15,0.7894736842105263,5.2,78,0.4105263157894737,15,1756095410,1758987397,1756095410,1758987397
326,7,58,1757924106,https://www.tiktok.com/@emmalee/video/9000000000000000326,5,2,0.4,38,76,0.26206896551724135,2,1758502294,1759052246,1758502294,1759052246
327,40,42,1755388474,https://www.tiktok.com/@ameliataylor_1/video/9000000000000000327,38,29,0.7631578947368421,24.20689655172414,702,0.4398496240601504,23,1755451414,1758931372,1755451414,1758931372
328,12,26,1756278382,https://www.tiktok.com/@ethanstudio5228/video/9000000000000000328,34,16,0.47058823529411764,11.5,184,0.20814479638009048,16,1756314294,1758957548,1756314294,1758957548
329,13,24,1756333980,https://www.tiktok.com/@lucashall/video/9000000000000000329,24,17,0.7083333333333334,12.176470588235293,207,0.359375,16,1756326609,1758933378,1756326609,1758933378
330,39,10,1758673982,https://www.tiktok.com/@avatv5794/video/9000000000000000330,4,3,0.75,5.666666666666667,17,0.425,3,1758091703,1758939546,1758091703,1758939546
331,16,25,1758156440,https://www.tiktok.com/@emmamartin/video/9000000000000000331,3,3,1,21.333333333333332,64,0.8533333333333334,3,1758366636,1759061647,1758366636,1759061647
332,52,42,1757463682,https://www.tiktok.com/@miatv693/video/9000000000000000332,11,8,0.7272727272727273,14.75,118,0.25541125541125537,8,1754191698,1758830566,1754191698,1758830566
333,32,13,1757431351,https://www.tiktok.com/@emmadavis/video/9000000000000000333,7,6,0.8571428571428571,4.333333333333333,26,0.2857142857142857,6,1757384239,1758303134,1757384239,1758303134
334,20,25,1756877042,https://www.tiktok.com/@sophiajohnson/video/9000000000000000334,13,10,0.7692307692307693,12.8,128,0.39384615384615385,9,1756965129,1759159010,1756965129,1759159010
335,20,10,1757303566,https://www.tiktok.com/@sophiajohnson/video/9000000000000000335,5,3,0.6,6.333333333333333,19,0.38,3,1754172349,1758636847,1754172349,1758636847
336,58,23,1759188675,https://www.tiktok.com/@oliviahall/video/9000000000000000336,1,0,0,NA,0,0,0,1759107172,1759107172,1759107172,1759107172
337,26,15,1754869285,https://www.tiktok.com/@noahlive7510/video/9000000000000000337,37,30,0.8108108108108109,8.833333333333334,265,0.4774774774774775,27,1754800248,1759155960,1754800248,1759155960
338,42,44,1756200997,https://www.tiktok.com/@noahlopez/video/9000000000000000338,18,12,0.6666666666666666,21.416666666666668,257,0.3244949494949495,11,1756261289,1758480260,1756261289,1758480260
339,15,22,1759065398,https://www.tiktok.com/@emmawilson/video/9000000000000000339,2,2,1,18.5,37,0.8409090909090908,1,1759147345,1759171282,1759147345,1759171282
340,36,31,1756234830,https://www.tiktok.com/@henrythomas/video/9000000000000000340,9,7,0.7777777777777778,26.285714285714285,184,0.6594982078853047,6,1756320548,1759116140,1756320548,1759116140
341,3,40,1755982503,https://www.tiktok.com/@charlotteanderson/video/9000000000000000341,21,13,0.6190476190476191,19.23076923076923,250,0.2976190476190476,11,1756089973,1758828045,1756089973,1758828045
342,2,27,1757195901,https://www.tiktok.com/@isabelladaily931/video/9000000000000000342,14,14,1,11.285714285714286,158,0.417989417989418,14,1754024560,1758849766,1754024560,1758849766
343,27,26,1758698506,https://www.tiktok.com/@sophiasmith/video/9000000000000000343,1,0,0,NA,0,0,0,1759054352,1759054352,1759054352,1759054352
344,30,14,1756958779,https://www.tiktok.com/@avawalker/video/9000000000000000344,17,10,0.5882352941176471,9.6,96,0.4033613445378151,10,1756985112,1759124085,1756985112,1759124085
345,11,38,1756119783,https://www.tiktok.com/@masonfit2333/video/9000000000000000345,16,10,0.625,16.6,166,0.2730263157894737,9,1756441601,1759147271,1756441601,1759147271
346,17,23,1758290202,https://www.tiktok.com/@evelyngarcia/video/9000000000000000346,4,3,0.75,11,33,0.358695652173913,3,1758640341,1759155551,1758640341,1759155551
347,26,33,1759117316,https://www.tiktok.com/@noahlive7510/video/9000000000000000347,0,0,NA,NA,0,NA,0,NA,NA,NA,NA
348,55,18,1756157242,https://www.tiktok.com/@sophiafit8328/video/9000000000000000348,23,18,0.782608695652174,6.388888888888889,115,0.2777777777777778,18,1756269260,1759168271,1756269260,1759168271
349,44,32,1758605638,https://www.tiktok.com/@jamessmith/video/9000000000000000349,1,1,1,14,14,0.4375,1,1754234270,1754234270,1754234270,1754234270
350,33,28,1756404385,https://www.tiktok.com/@masonyoung/video/9000000000000000350,20,18,0.9,16.555555555555557,298,0.5321428571428571,18,1756405184,1758877369,1756405184,1758877369
351,47,40,1759045497,https://www.tiktok.com/@avawalker_1/video/9000000000000000351,2,2,1,27,54,0.675,2,1759020037,1759096914,1759020037,1759096914
352,34,29,1757913776,https://www.tiktok.com/@masonwilson/video/9000000000000000352,8,6,0.75,13.166666666666666,79,0.34051724137931033,6,1758001232,1759105292,1758001232,1759105292
353,16,18,1756822233,https://www.tiktok.com/@emmamartin/video/9000000000000000353,11,6,0.5454545454545454,8.166666666666666,49,0.2474747474747475,6,1756934061,1759082604,1756934061,1759082604
354,3,42,1755296835,https://www.tiktok.com/@charlotteanderson/video/9000000000000000354,29,21,0.7241379310344828,25.80952380952381,542,0.44499178981937604,19,1755271306,1759114612,1755271306,1759114612
355,28,27,1758943099,https://www.tiktok.com/@avalopez/video/9000000000000000355,1,1,1,27,27,1,1,1759154715,1759154715,1759154715,1759154715
356,13,26,1754894102,https://www.tiktok.com/@lucashall/video/9000000000000000356,28,23,0.8214285714285714,17.434782608695652,401,0.5508241758241759,22,1754871583,1758987143,1754871583,1758987143
357,23,21,1755426747,https://www.tiktok.com/@jameshub7877/video/9000000000000000357,24,16,0.6666666666666666,11.3125,181,0.35912698412698413,14,1755423221,1759129526,1755423221,1759129526
358,42,40,1754509982,https://www.tiktok.com/@noahlopez/video/9000000000000000358,42,31,0.7380952380952381,26.06451612903226,808,0.4809523809523809,28,1754451519,1758971902,1754451519,1758971902
359,44,27,1757997691,https://www.tiktok.com/@jamessmith/video/9000000000000000359,8,2,0.25,6,12,0.05555555555555555,2,1754057015,1759127839,1754057015,1759127839
360,1,24,1754071442,https://www.tiktok.com/@evelynlive4018/video/9000000000000000360,123,81,0.6585365853658537,13.012345679012345,1054,0.3570460704607046,57,1754009249,1758740857,1754009249,1758740857
361,43,15,1756664167,https://www.tiktok.com/@jameswalker/video/9000000000000000361,12,9,0.75,7.222222222222222,65,0.3611111111111111,9,1756704235,1759117981,1756704235,1759117981
362,7,19,1756071422,https://www.tiktok.com/@emmalee/video/9000000000000000362,25,10,0.4,10.8,108,0.22736842105263158,10,1755994281,1759105900,1755994281,1759105900
363,12,45,1754836274,https://www.tiktok.com/@ethanstudio5228/video/9000000000000000363,39,28,0.717948717948718,26.178571428571427,733,0.41766381766381766,24,1754884130,1758870713,1754884130,1758870713
364,16,39,1757243204,https://www.tiktok.com/@emmamartin/video/9000000000000000364,19,14,0.7368421052631579,22.785714285714285,319,0.4304993252361673,14,1757223842,1759163092,1757223842,1759163092
365,36,20,1758809077,https://www.tiktok.com/@henrythomas/video/9000000000000000365,2,1,0.5,7,7,0.175,1,1754043690,1758987349,1754043690,1758987349
366,21,27,1754239109,https://www.tiktok.com/@jamesmiller/video/9000000000000000366,53,40,0.7547169811320755,16.025,641,0.4479385045422781,32,1754191495,1758713373,1754191495,1758713373
367,32,45,1758090222,https://www.tiktok.com/@emmadavis/video/9000000000000000367,6,5,0.8333333333333334,25.2,126,0.4666666666666666,5,1758118415,1759163206,1758118415,1759163206
368,4,42,1757228762,https://www.tiktok.com/@emmatv9884/video/9000000000000000368,2,2,1,35.5,71,0.8452380952380952,2,1758208564,1758542037,1758208564,1758542037
369,27,28,1756120744,https://www.tiktok.com/@sophiasmith/video/9000000000000000369,14,10,0.7142857142857143,25.1,251,0.6403061224489796,7,1756111125,1759079227,1756111125,1759079227
370,29,10,1757496300,https://www.tiktok.com/@sophialee/video/9000000000000000370,13,7,0.5384615384615384,7.428571428571429,52,0.4,6,1757471117,1759177513,1757471117,1759177513
371,9,37,1755831832,https://www.tiktok.com/@noahjohnson/video/9000000000000000371,24,13,0.5416666666666666,21.23076923076923,276,0.3108108108108108,12,1754024220,1759106010,1754024220,1759106010
372,9,39,1756898100,https://www.tiktok.com/@noahjohnson/video/9000000000000000372,25,15,0.6,22.733333333333334,341,0.3497435897435897,14,1754057009,1759105103,1754057009,1759105103
373,59,41,1757846564,https://www.tiktok.com/@elijahtaylor/video/9000000000000000373,7,6,0.8571428571428571,18.666666666666668,112,0.3902439024390244,6,1757998956,1759122168,1757998956,1759122168
374,59,43,1756343882,https://www.tiktok.com/@elijahtaylor/video/9000000000000000374,17,13,0.7647058823529411,23.307692307692307,303,0.41450068399452805,13,1756448760,1759091981,1756448760,1759091981
375,43,27,1759055767,https://www.tiktok.com/@jameswalker/video/9000000000000000375,1,1,1,9,9,0.3333333333333333,1,1759077695,1759077695,1759077695,1759077695
376,27,35,1758809548,https://www.tiktok.com/@sophiasmith/video/9000000000000000376,2,2,1,5.5,11,0.15714285714285714,2,1754044298,1759063147,1754044298,1759063147
377,49,43,1757594181,https://www.tiktok.com/@sophiaofficial3334/video/9000000000000000377,17,13,0.7647058823529411,25.923076923076923,337,0.46101231190150477,13,1757945667,1759147788,1757945667,1759147788
378,9,34,1754511604,https://www.tiktok.com/@noahjohnson/video/9000000000000000378,34,23,0.6764705882352942,16.73913043478261,385,0.33304498269896193,22,1754456040,1759147275,1754456040,1759147275
379,40,22,1758345589,https://www.tiktok.com/@ameliataylor_1/video/9000000000000000379,1,1,1,5,5,0.22727272727272727,1,1758957278,1758957278,1758957278,1758957278
380,16,26,1754940488,https://www.tiktok.com/@emmamartin/video/9000000000000000380,41,22,0.5365853658536586,11.272727272727273,248,0.2326454033771107,20,1754892549,1759181625,1754892549,1759181625
381,21,27,1755062399,https://www.tiktok.com/@jamesmiller/video/9000000000000000381,34,18,0.5294117647058824,16.77777777777778,302,0.3289760348583878,16,1755054979,1759148305,1755054979,1759148305
382,30,49,1755855233,https://www.tiktok.com/@avawalker/video/9000000000000000382,13,9,0.6923076923076923,25.11111111111111,226,0.35478806907378335,8,1756022745,1758957774,1756022745,1758957774
383,26,31,1756443595,https://www.tiktok.com/@noahlive7510/video/9000000000000000383,9,5,0.5555555555555556,25.2,126,0.45161290322580644,5,1756572674,1758817293,1756572674,1758817293
384,25,14,1758767648,https://www.tiktok.com/@evelyndaily8703/video/9000000000000000384,3,3,1,5,15,0.35714285714285715,2,1759028930,1759151813,1759028930,1759151813
385,6,17,1757338669,https://www.tiktok.com/@avagarcia/video/9000000000000000385,11,8,0.7272727272727273,9,72,0.3850267379679144,8,1757386481,1759040208,1757386481,1759040208
386,58,30,1758675316,https://www.tiktok.com/@oliviahall/video/9000000000000000386,1,1,1,30,30,1,1,1758877341,1758877341,1758877341,1758877341
387,55,29,1755262861,https://www.tiktok.com/@sophiafit8328/video/9000000000000000387,25,20,0.8,18.5,370,0.5103448275862069,17,1755406860,1759158893,1755406860,1759158893
388,55,30,1754826359,https://www.tiktok.com/@sophiafit8328/video/9000000000000000388,45,35,0.7777777777777778,13.028571428571428,456,0.3377777777777778,29,1754838095,1759155405,1754838095,1759155405
389,44,24,1757384149,https://www.tiktok.com/@jamessmith/video/9000000000000000389,14,9,0.6428571428571429,12.777777777777779,115,0.34226190476190477,9,1757559174,1758973403,1757559174,1758973403
390,56,33,1754303540,https://www.tiktok.com/@masonhall/video/9000000000000000390,60,46,0.7666666666666667,20.652173913043477,950,0.47979797979797983,36,1754357952,1759167741,1754357952,1759167741
391,22,31,1754795090,https://www.tiktok.com/@lucaswilson/video/9000000000000000391,65,42,0.6461538461538462,16,672,0.3334987593052109,37,1754879918,1759183507,1754879918,1759183507
392,37,12,1754396086,https://www.tiktok.com/@charlottegarcia/video/9000000000000000392,55,38,0.6909090909090909,6.842105263157895,260,0.393939393939394,33,1754455795,1759026383,1754455795,1759026383
393,27,36,1754170681,https://www.tiktok.com/@sophiasmith/video/9000000000000000393,77,52,0.6753246753246753,20.25,1053,0.37987012987012986,38,1754111459,1758641017,1754111459,1758641017
394,30,43,1758551047,https://www.tiktok.com/@avawalker/video/9000000000000000394,1,1,1,43,43,1,1,1758820054,1758820054,1758820054,1758820054
395,42,10,1755086120,https://www.tiktok.com/@noahlopez/video/9000000000000000395,28,18,0.6428571428571429,4.555555555555555,82,0.2928571428571428,15,1755158402,1758369863,1755158402,1758369863
396,2,21,1759020222,https://www.tiktok.com/@isabelladaily931/video/9000000000000000396,0,0,NA,NA,0,NA,0,NA,NA,NA,NA
397,8,29,1756901752,https://www.tiktok.com/@miastudio6290/video/9000000000000000397,13,12,0.9230769230769231,15.416666666666666,185,0.4907161803713528,12,1756908312,1759124102,1756908312,1759124102
398,20,30,1755254560,https://www.tiktok.com/@sophiajohnson/video/9000000000000000398,44,25,0.5681818181818182,16.88,422,0.3196969696969697,18,1755218230,1759049451,1755218230,1759049451
399,20,21,1755728677,https://www.tiktok.com/@sophiajohnson/video/9000000000000000399,21,17,0.8095238095238095,10.117647058823529,172,0.3900226757369614,17,1754172352,1759163235,1754172352,1759163235
400,3,41,1755512144,https://www.tiktok.com/@charlotteanderson/video/9000000000000000400,28,20,0.7142857142857143,22.3,446,0.3885017421602788,19,1755584885,1759119262,1755584885,1759119262
401,51,43,1754658942,https://www.tiktok.com/@miadavis/video/9000000000000000401,40,27,0.675,24,648,0.3767441860465116,22,1754614624,1759029448,1754614624,1759029448
402,30,27,1755534110,https://www.tiktok.com/@avawalker/video/9000000000000000402,20,15,0.75,18.866666666666667,283,0.524074074074074,14,1755482577,1759140104,1755482577,1759140104
403,37,21,1757068209,https://www.tiktok.com/@charlottegarcia/video/9000000000000000403,11,8,0.7272727272727273,11.375,91,0.3939393939393939,8,1757034733,1758863607,1757034733,1758863607
404,21,29,1755145547,https://www.tiktok.com/@jamesmiller/video/9000000000000000404,27,18,0.6666666666666666,20.61111111111111,371,0.4738186462324393,14,1755158294,1759022819,1755158294,1759022819
405,60,24,1755138352,https://www.tiktok.com/@ethanallen/video/9000000000000000405,17,10,0.5882352941176471,13.6,136,0.33333333333333337,9,1755235916,1758821193,1755235916,1758821193
406,60,11,1759109695,https://www.tiktok.com/@ethanallen/video/9000000000000000406,1,1,1,2,2,0.18181818181818182,1,1759123791,1759123791,1759123791,1759123791
407,42,44,1756182533,https://www.tiktok.com/@noahlopez/video/9000000000000000407,17,12,0.7058823529411765,24.75,297,0.39705882352941174,10,1756191422,1759029382,1756191422,1759029382
408,50,21,1755881645,https://www.tiktok.com/@ethanstudio8286/video/9000000000000000408,12,10,0.8333333333333334,10.1,101,0.40079365079365076,9,1756025026,1759153223,1756025026,1759153223
409,11,16,1757439728,https://www.tiktok.com/@masonfit2333/video/9000000000000000409,15,8,0.5333333333333333,9.25,74,0.30833333333333335,8,1757604763,1758949166,1757604763,1758949166
410,48,30,1758819301,https://www.tiktok.com/@isabellahub287/video/9000000000000000410,1,1,1,2,2,0.06666666666666667,1,1758850495,1758850495,1758850495,1758850495
411,38,28,1755322986,https://www.tiktok.com/@miamedia9085/video/9000000000000000411,35,31,0.8857142857142857,15.870967741935484,492,0.5020408163265306,25,1755357633,1759183011,1755357633,1759183011
412,2,16,1756930077,https://www.tiktok.com/@isabelladaily931/video/9000000000000000412,16,11,0.6875,9.363636363636363,103,0.40234375,10,1756871221,1759073811,1756871221,1759073811
413,7,39,1757607325,https://www.tiktok.com/@emmalee/video/9000000000000000413,12,8,0.6666666666666666,28.875,231,0.4935897435897436,7,1757691032,1759176139,1757691032,1759176139
414,2,29,1758779795,https://www.tiktok.com/@isabelladaily931/video/9000000000000000414,3,2,0.6666666666666666,8,16,0.1839080459770115,2,1758968817,1759175885,1758968817,1759175885
415,24,23,1758731109,https://www.tiktok.com/@evelynjackson/video/9000000000000000415,5,2,0.4,14.5,29,0.25217391304347825,2,1754234457,1758995439,1754234457,1758995439
416,20,38,1756558696,https://www.tiktok.com/@sophiajohnson/video/9000000000000000416,15,13,0.8666666666666667,23.23076923076923,302,0.5298245614035088,12,1754043732,1758821524,1754043732,1758821524
417,36,28,1755902281,https://www.tiktok.com/@henrythomas/video/9000000000000000417,39,30,0.7692307692307693,16.333333333333332,490,0.44871794871794873,28,1755823436,1759155497,1755823436,1759155497
418,42,16,1756014140,https://www.tiktok.com/@noahlopez/video/9000000000000000418,18,13,0.7222222222222222,6.538461538461538,85,0.2951388888888889,11,1756085275,1758781961,1756085275,1758781961
419,49,17,1756401974,https://www.tiktok.com/@sophiaofficial3334/video/9000000000000000419,28,20,0.7142857142857143,8.5,170,0.35714285714285715,17,1756392831,1759124820,1756392831,1759124820
420,58,26,1754700035,https://www.tiktok.com/@oliviahall/video/9000000000000000420,49,39,0.7959183673469388,11.564102564102564,451,0.3540031397174254,33,1754717423,1759164677,1754717423,1759164677
421,55,27,1755001850,https://www.tiktok.com/@sophiafit8328/video/9000000000000000421,30,15,0.5,13.533333333333333,203,0.2506172839506173,15,1754969216,1759175905,1754969216,1759175905
422,5,35,1754108656,https://www.tiktok.com/@evelyndaily3219/video/9000000000000000422,75,45,0.6,21,945,0.36,34,1754093592,1759176125,1754093592,1759176125
423,37,33,1757430313,https://www.tiktok.com/@charlottegarcia/video/9000000000000000423,12,11,0.9166666666666666,22.454545454545453,247,0.6237373737373737,10,1757394620,1758817328,1757394620,1758817328
424,13,15,1757764102,https://www.tiktok.com/@lucashall/video/9000000000000000424,9,7,0.7777777777777778,7.285714285714286,51,0.37777777777777777,7,1757828149,1759176106,1757828149,1759176106
425,40,35,1756331650,https://www.tiktok.com/@ameliataylor_1/video/9000000000000000425,23,16,0.6956521739130435,16.5,264,0.3279503105590062,13,1756263363,1758806084,1756263363,1758806084
426,22,33,1754639129,https://www.tiktok.com/@lucaswilson/video/9000000000000000426,46,33,0.717391304347826,23.242424242424242,767,0.505270092226614,31,1754633057,1759028850,1754633057,1759028850
427,5,23,1758072956,https://www.tiktok.com/@evelyndaily3219/video/9000000000000000427,5,3,0.6,12,36,0.31304347826086953,3,1754401217,1759117236,1754401217,1759117236
428,49,35,1754342185,https://www.tiktok.com/@sophiaofficial3334/video/9000000000000000428,49,35,0.7142857142857143,22.34285714285714,782,0.45597667638483963,27,1754281214,1758943015,1754281214,1758943015
429,39,31,1758873481,https://www.tiktok.com/@avatv5794/video/9000000000000000429,2,0,0,NA,0,0,0,1758851517,1759048128,1758851517,1759048128
430,3,29,1755285645,https://www.tiktok.com/@charlotteanderson/video/9000000000000000430,31,22,0.7096774193548387,20.181818181818183,444,0.4938820912124583,15,1755238674,1758924177,1755238674,1758924177
431,38,35,1758143957,https://www.tiktok.com/@miamedia9085/video/9000000000000000431,7,5,0.7142857142857143,23.8,119,0.4857142857142857,5,1758301559,1759144291,1758301559,1759144291
432,17,24,1758782101,https://www.tiktok.com/@evelyngarcia/video/9000000000000000432,3,1,0.3333333333333333,6,6,0.08333333333333333,1,1758901489,1759038190,1758901489,1759038190
433,43,29,1756639873,https://www.tiktok.com/@jameswalker/video/9000000000000000433,17,14,0.8235294117647058,16.571428571428573,232,0.47058823529411764,13,1756617963,1758924209,1756617963,1758924209
434,39,30,1756207053,https://www.tiktok.com/@avatv5794/video/9000000000000000434,17,10,0.5882352941176471,19.8,198,0.388235294117647,10,1756168994,1758851440,1756168994,1758851440
435,34,28,1754876510,https://www.tiktok.com/@masonwilson/video/9000000000000000435,29,22,0.7586206896551724,20.5,451,0.5554187192118227,19,1754984628,1759117752,1754984628,1759117752
436,5,23,1756180599,https://www.tiktok.com/@evelyndaily3219/video/9000000000000000436,19,15,0.7894736842105263,15.6,234,0.5354691075514875,13,1756512223,1758727524,1756512223,1758727524
437,42,31,1757779693,https://www.tiktok.com/@noahlopez/video/9000000000000000437,7,7,1,20.571428571428573,144,0.663594470046083,7,1757750095,1759180175,1757750095,1759180175
438,42,30,1755882212,https://www.tiktok.com/@noahlopez/video/9000000000000000438,15,11,0.7333333333333333,11.636363636363637,128,0.28444444444444444,11,1755822159,1758720929,1755822159,1758720929
439,2,29,1756656458,https://www.tiktok.com/@isabelladaily931/video/9000000000000000439,19,16,0.8421052631578947,16.875,270,0.4900181488203266,15,1756694220,1759175971,1756694220,1759175971
440,59,19,1755882786,https://www.tiktok.com/@elijahtaylor/video/9000000000000000440,33,17,0.5151515151515151,10.470588235294118,178,0.2838915470494418,17,1755832489,1758812081,1755832489,1758812081
441,27,17,1757867421,https://www.tiktok.com/@sophiasmith/video/9000000000000000441,9,5,0.5555555555555556,12.4,62,0.40522875816993464,5,1757906378,1758758701,1757906378,1758758701
442,31,28,1757120018,https://www.tiktok.com/@lucasjackson/video/9000000000000000442,8,6,0.75,15,90,0.4017857142857143,6,1757294378,1759061663,1757294378,1759061663
443,1,29,1758657993,https://www.tiktok.com/@evelynlive4018/video/9000000000000000443,2,1,0.5,19,19,0.3275862068965517,1,1758956417,1759062006,1758956417,1759062006
444,43,25,1759043852,https://www.tiktok.com/@jameswalker/video/9000000000000000444,1,1,1,25,25,1,1,1759121844,1759121844,1759121844,1759121844
445,42,34,1755686087,https://www.tiktok.com/@noahlopez/video/9000000000000000445,24,11,0.4583333333333333,13.363636363636363,147,0.1801470588235294,11,1755839009,1758964359,1755839009,1758964359
446,20,39,1754706534,https://www.tiktok.com/@sophiajohnson/video/9000000000000000446,32,22,0.6875,23.136363636363637,509,0.4078525641025641,20,1754729281,1758938324,1754729281,1758938324
447,52,24,1754470503,https://www.tiktok.com/@miatv693/video/9000000000000000447,65,47,0.7230769230769231,13.659574468085106,642,0.4115384615384615,38,1754440156,1759093724,1754440156,1759093724
448,9,10,1757003084,https://www.tiktok.com/@noahjohnson/video/9000000000000000448,11,7,0.6363636363636364,4.571428571428571,32,0.29090909090909095,7,1757097333,1758819257,1757097333,1758819257
449,3,13,1754019944,https://www.tiktok.com/@charlotteanderson/video/9000000000000000449,141,89,0.6312056737588653,6.932584269662922,617,0.3366066557555919,62,1754007930,1759164005,1754007930,1759164005
450,26,21,1756864997,https://www.tiktok.com/@noahlive7510/video/9000000000000000450,9,6,0.6666666666666666,12.166666666666666,73,0.3862433862433863,6,1756926132,1758656693,1756926132,1758656693
451,22,42,1757176964,https://www.tiktok.com/@lucaswilson/video/9000000000000000451,12,4,0.3333333333333333,33.75,135,0.26785714285714285,4,1757146609,1759161912,1757146609,1759161912
452,27,26,1756381712,https://www.tiktok.com/@sophiasmith/video/9000000000000000452,18,14,0.7777777777777778,17.785714285714285,249,0.532051282051282,14,1756459832,1758811496,1756459832,1758811496
453,58,24,1754074779,https://www.tiktok.com/@oliviahall/video/9000000000000000453,90,60,0.6666666666666666,12.733333333333333,764,0.3537037037037037,48,1754007255,1759053813,1754007255,1759053813
454,36,36,1758989893,https://www.tiktok.com/@henrythomas/video/9000000000000000454,1,1,1,11,11,0.3055555555555556,1,1759143386,1759143386,1759143386,1759143386
455,26,30,1756380671,https://www.tiktok.com/@noahlive7510/video/9000000000000000455,16,10,0.625,14.8,148,0.30833333333333335,10,1756426523,1759022037,1756426523,1759022037
456,42,37,1754182059,https://www.tiktok.com/@noahlopez/video/9000000000000000456,61,41,0.6721311475409836,21.536585365853657,883,0.39122729286663716,36,1754202705,1758878697,1754202705,1758878697
457,53,28,1755985567,https://www.tiktok.com/@charlotteyoung/video/9000000000000000457,14,9,0.6428571428571429,15.555555555555555,140,0.35714285714285715,8,1756092042,1759151859,1756092042,1759151859
458,42,16,1757566987,https://www.tiktok.com/@noahlopez/video/9000000000000000458,5,5,1,8.4,42,0.525,5,1757688410,1758880992,1757688410,1758880992
459,59,10,1756366598,https://www.tiktok.com/@elijahtaylor/video/9000000000000000459,21,17,0.8095238095238095,5.0588235294117645,86,0.4095238095238095,14,1756482501,1759111843,1756482501,1759111843
460,25,24,1756000138,https://www.tiktok.com/@evelyndaily8703/video/9000000000000000460,22,14,0.6363636363636364,15.428571428571429,216,0.4090909090909091,14,1756073092,1759094677,1756073092,1759094677
461,52,43,1758726523,https://www.tiktok.com/@miatv693/video/9000000000000000461,1,0,0,NA,0,0,0,1758821361,1758821361,1758821361,1758821361
462,28,18,1755482334,https://www.tiktok.com/@avalopez/video/9000000000000000462,26,19,0.7307692307692307,10.31578947368421,196,0.4188034188034188,17,1755674802,1758693361,1755674802,1758693361
463,20,20,1755490391,https://www.tiktok.com/@sophiajohnson/video/9000000000000000463,32,16,0.5,10.3125,165,0.2578125,15,1755511838,1758644053,1755511838,1758644053
464,34,10,1757036252,https://www.tiktok.com/@masonwilson/video/9000000000000000464,10,8,0.8,6.25,50,0.5,7,1757069998,1758968760,1757069998,1758968760
465,44,30,1754145915,https://www.tiktok.com/@jamessmith/video/9000000000000000465,65,50,0.7692307692307693,19.42,971,0.497948717948718,36,1754102322,1758723487,1754102322,1758723487
466,59,39,1755375273,https://www.tiktok.com/@elijahtaylor/video/9000000000000000466,23,17,0.7391304347826086,24.705882352941178,420,0.4682274247491639,16,1755305834,1758833661,1755305834,1758833661
467,2,32,1756214752,https://www.tiktok.com/@isabelladaily931/video/9000000000000000467,17,11,0.6470588235294118,21.272727272727273,234,0.43014705882352944,11,1756191714,1759155493,1756191714,1759155493
468,46,34,1756047806,https://www.tiktok.com/@benjaminhub4825/video/9000000000000000468,15,8,0.5333333333333333,26.875,215,0.4215686274509804,8,1756040625,1758833345,1756040625,1758833345
469,47,27,1759102164,https://www.tiktok.com/@avawalker_1/video/9000000000000000469,1,0,0,NA,0,0,0,1754037939,1754037939,1754037939,1754037939
470,26,22,1757002161,https://www.tiktok.com/@noahlive7510/video/9000000000000000470,11,9,0.8181818181818182,11.11111111111111,100,0.4132231404958677,9,1756974720,1758856875,1756974720,1758856875
471,39,34,1755064450,https://www.tiktok.com/@avatv5794/video/9000000000000000471,36,29,0.8055555555555556,20.551724137931036,596,0.48692810457516345,21,1755066582,1759111805,1755066582,1759111805
472,7,23,1754574377,https://www.tiktok.com/@emmalee/video/9000000000000000472,53,34,0.6415094339622641,10.764705882352942,366,0.3002461033634126,25,1754549793,1759151820,1754549793,1759151820
473,24,10,1757960377,https://www.tiktok.com/@evelynjackson/video/9000000000000000473,12,6,0.5,5.666666666666667,34,0.2833333333333333,6,1754067996,1758694472,1754067996,1758694472
474,16,17,1759002873,https://www.tiktok.com/@emmamartin/video/9000000000000000474,2,1,0.5,4,4,0.11764705882352941,1,1759096506,1759159733,1759096506,1759159733
475,45,30,1757422559,https://www.tiktok.com/@lucasmartin/video/9000000000000000475,10,7,0.7,14.285714285714286,100,0.3333333333333333,7,1757391729,1759075229,1757391729,1759075229
476,54,24,1758137265,https://www.tiktok.com/@noahclark/video/9000000000000000476,7,4,0.5714285714285714,10.75,43,0.255952380952381,4,1758263016,1759126376,1758263016,1759126376
477,28,48,1758508090,https://www.tiktok.com/@avalopez/video/9000000000000000477,0,0,NA,NA,0,NA,0,NA,NA,NA,NA
478,31,21,1758138047,https://www.tiktok.com/@lucasjackson/video/9000000000000000478,10,8,0.8,15.125,121,0.5761904761904761,8,1758159733,1759175981,1758159733,1759175981
479,7,45,1758246348,https://www.tiktok.com/@emmalee/video/9000000000000000479,6,5,0.8333333333333334,28.2,141,0.5222222222222223,5,1758469255,1759061616,1758469255,1759061616
480,38,17,1758443915,https://www.tiktok.com/@miamedia9085/video/9000000000000000480,2,1,0.5,10,10,0.29411764705882354,1,1754342737,1758904412,1754342737,1758904412
481,53,21,1754090791,https://www.tiktok.com/@charlotteyoung/video/9000000000000000481,153,110,0.7189542483660131,11.272727272727273,1240,0.385932150638033,68,1754009311,1759166590,1754009311,1759166590
482,50,25,1758541617,https://www.tiktok.com/@ethanstudio8286/video/9000000000000000482,7,5,0.7142857142857143,10.2,51,0.2914285714285714,5,1758502122,1759177438,1758502122,1759177438
483,21,49,1757729474,https://www.tiktok.com/@jamesmiller/video/9000000000000000483,17,11,0.6470588235294118,33.27272727272727,366,0.43937575030012005,11,1754024022,1759116246,1754024022,1759116246
484,35,31,1757631307,https://www.tiktok.com/@evelyntv920/video/9000000000000000484,15,11,0.7333333333333333,19.363636363636363,213,0.45806451612903226,10,1757591250,1759073769,1757591250,1759073769
485,29,29,1755704590,https://www.tiktok.com/@sophialee/video/9000000000000000485,19,12,0.631578947368421,16.25,195,0.3539019963702359,10,1755759414,1758969710,1755759414,1758969710
486,17,31,1757801265,https://www.tiktok.com/@evelyngarcia/video/9000000000000000486,5,4,0.8,17.25,69,0.4451612903225806,4,1757751898,1758586852,1757751898,1758586852
487,12,28,1755352768,https://www.tiktok.com/@ethanstudio5228/video/9000000000000000487,21,11,0.5238095238095238,17.727272727272727,195,0.33163265306122447,10,1755302688,1758363735,1755302688,1758363735
488,5,10,1757757579,https://www.tiktok.com/@evelyndaily3219/video/9000000000000000488,7,5,0.7142857142857143,6.4,32,0.4571428571428572,5,1757751985,1759031521,1757751985,1759031521
489,37,27,1756326876,https://www.tiktok.com/@charlottegarcia/video/9000000000000000489,22,13,0.5909090909090909,13.076923076923077,170,0.28619528619528617,12,1756437337,1758920938,1756437337,1758920938
490,5,29,1755279674,https://www.tiktok.com/@evelyndaily3219/video/9000000000000000490,39,32,0.8205128205128205,12.9375,414,0.3660477453580902,25,1755230347,1758957844,1755230347,1758957844
491,22,11,1755943936,https://www.tiktok.com/@lucaswilson/video/9000000000000000491,17,11,0.6470588235294118,6.909090909090909,76,0.40641711229946526,11,1756219887,1758664332,1756219887,1758664332
492,1,26,1754332802,https://www.tiktok.com/@evelynlive4018/video/9000000000000000492,71,48,0.676056338028169,14.1875,681,0.3689057421451788,38,1754303599,1758655568,1754303599,1758655568
493,27,16,1755131385,https://www.tiktok.com/@sophiasmith/video/9000000000000000493,40,28,0.7,8.142857142857142,228,0.35625,22,1755161216,1758636103,1755161216,1758636103
494,55,38,1758008004,https://www.tiktok.com/@sophiafit8328/video/9000000000000000494,18,11,0.6111111111111112,14.454545454545455,159,0.2324561403508772,9,1757981392,1759108358,1757981392,1759108358
495,16,24,1757696998,https://www.tiktok.com/@emmamartin/video/9000000000000000495,9,6,0.6666666666666666,15,90,0.4166666666666667,6,1757652799,1759168314,1757652799,1759168314
496,27,27,1755705763,https://www.tiktok.com/@sophiasmith/video/9000000000000000496,20,14,0.7,13.857142857142858,194,0.3592592592592593,13,1755721957,1759066497,1755721957,1759066497
497,6,23,1756305042,https://www.tiktok.com/@avagarcia/video/9000000000000000497,9,8,0.8888888888888888,9.75,78,0.37681159420289856,8,1756494123,1759058413,1756494123,1759058413
498,3,16,1755521626,https://www.tiktok.com/@charlotteanderson/video/9000000000000000498,23,15,0.6521739130434783,9.333333333333334,140,0.3804347826086957,14,1754313621,1758334743,1754313621,1758334743
499,7,33,1754408433,https://www.tiktok.com/@emmalee/video/9000000000000000499,55,38,0.6909090909090909,19.289473684210527,733,0.4038567493112947,27,1754426521,1758291157,1754426521,1758291157
500,20,28,1758168164,https://www.tiktok.com/@sophiajohnson/video/9000000000000000500,6,6,1,17.666666666666668,106,0.6309523809523809,6,1758254454,1758972464,1758254454,1758972464
501,22,22,1754928445,https://www.tiktok.com/@lucaswilson/video/9000000000000000501,44,35,0.7954545454545454,14.4,504,0.5206611570247934,30,1754871705,1758769579,1754871705,1758769579
502,35,13,1759013018,https://www.tiktok.com/@evelyntv920/video/9000000000000000502,1,0,0,NA,0,0,0,1759176004,1759176004,1759176004,1759176004
503,40,18,1754798183,https://www.tiktok.com/@ameliataylor_1/video/9000000000000000503,40,28,0.7,9.75,273,0.37916666666666665,22,1754850531,1758425119,1754850531,1758425119
504,1,28,1756701714,https://www.tiktok.com/@evelynlive4018/video/9000000000000000504,19,12,0.631578947368421,14.833333333333334,178,0.3345864661654135,11,1757022047,1758798177,1757022047,1758798177
505,51,40,1756432141,https://www.tiktok.com/@miadavis/video/9000000000000000505,30,19,0.6333333333333333,25.263157894736842,480,0.4,19,1756699650,1759167698,1756699650,1759167698
506,15,20,1757781394,https://www.tiktok.com/@emmawilson/video/9000000000000000506,11,7,0.6363636363636364,9,63,0.2863636363636364,7,1757858764,1759117143,1757858764,1759117143
507,13,35,1756677201,https://www.tiktok.com/@lucashall/video/9000000000000000507,10,7,0.7,23.428571428571427,164,0.4685714285714286,6,1756641587,1759047820,1756641587,1759047820
508,60,21,1756884705,https://www.tiktok.com/@ethanallen/video/9000000000000000508,17,10,0.5882352941176471,11,110,0.3081232492997199,9,1754037931,1759088891,1754037931,1759088891
509,31,47,1754074078,https://www.tiktok.com/@lucasjackson/video/9000000000000000509,130,92,0.7076923076923077,21.83695652173913,2009,0.3288052373158756,54,1754009278,1758924044,1754009278,1758924044
510,1,33,1755998228,https://www.tiktok.com/@evelynlive4018/video/9000000000000000510,11,8,0.7272727272727273,19.125,153,0.42148760330578516,8,1756324505,1758678769,1756324505,1758678769
511,29,18,1754876320,https://www.tiktok.com/@sophialee/video/9000000000000000511,32,21,0.65625,10.095238095238095,212,0.3680555555555556,20,1754938791,1759003376,1754938791,1759003376
512,41,43,1756444062,https://www.tiktok.com/@noahjohnson_1/video/9000000000000000512,9,8,0.8888888888888888,27.25,218,0.5633074935400517,7,1756579156,1759127114,1756579156,1759127114
513,50,31,1755142843,https://www.tiktok.com/@ethanstudio8286/video/9000000000000000513,34,21,0.6176470588235294,18.61904761904762,391,0.3709677419354839,18,1755145832,1758782500,1755145832,1758782500
514,60,31,1758333022,https://www.tiktok.com/@ethanallen/video/9000000000000000514,5,5,1,15,75,0.4838709677419355,5,1758367257,1759117272,1758367257,1759117272
515,30,30,1756220033,https://www.tiktok.com/@avawalker/video/9000000000000000515,19,12,0.631578947368421,18.833333333333332,226,0.39649122807017545,10,1756176729,1759002638,1756176729,1759002638
516,32,33,1756497499,https://www.tiktok.com/@emmadavis/video/9000000000000000516,20,16,0.8,19,304,0.46060606060606063,15,1756545741,1759043981,1756545741,1759043981
517,22,35,1757652361,https://www.tiktok.com/@lucaswilson/video/9000000000000000517,5,4,0.8,16,64,0.3657142857142857,4,1757699339,1758830530,1757699339,1758830530
518,27,23,1754070349,https://www.tiktok.com/@sophiasmith/video/9000000000000000518,110,81,0.7363636363636363,13.320987654320987,1079,0.42648221343873516,50,1754008445,1759182925,1754008445,1759182925
519,59,17,1756538339,https://www.tiktok.com/@elijahtaylor/video/9000000000000000519,16,12,0.75,11.75,141,0.5183823529411765,11,1756866684,1759109171,1756866684,1759109171
520,39,32,1758062911,https://www.tiktok.com/@avatv5794/video/9000000000000000520,5,1,0.2,12,12,0.075,1,1758121950,1759117095,1758121950,1759117095
521,35,26,1757093218,https://www.tiktok.com/@evelyntv920/video/9000000000000000521,19,14,0.7368421052631579,15.285714285714286,214,0.4331983805668016,10,1757042716,1758833356,1757042716,1758833356
522,29,43,1756130091,https://www.tiktok.com/@sophialee/video/9000000000000000522,17,6,0.35294117647058826,25.166666666666668,151,0.20656634746922026,5,1754078646,1759053828,1754078646,1759053828
523,57,35,1758983710,https://www.tiktok.com/@harpertaylor/video/9000000000000000523,2,2,1,24,48,0.6857142857142857,2,1758963889,1759022088,1758963889,1759022088
524,42,22,1755587988,https://www.tiktok.com/@noahlopez/video/9000000000000000524,38,20,0.5263157894736842,12.05,241,0.2882775119617225,19,1755622957,1759096493,1755622957,1759096493
525,25,40,1754970226,https://www.tiktok.com/@evelyndaily8703/video/9000000000000000525,33,26,0.7878787878787878,17.807692307692307,463,0.3507575757575757,23,1755108310,1758993108,1755108310,1758993108
526,37,29,1755469633,https://www.tiktok.com/@charlottegarcia/video/9000000000000000526,26,20,0.7692307692307693,15.2,304,0.403183023872679,18,1755404043,1759088921,1755404043,1759088921
527,40,35,1756889042,https://www.tiktok.com/@ameliataylor_1/video/9000000000000000527,13,10,0.7692307692307693,21,210,0.46153846153846156,10,1757007298,1759048144,1757007298,1759048144
528,50,15,1754455748,https://www.tiktok.com/@ethanstudio8286/video/9000000000000000528,53,39,0.7358490566037735,7.512820512820513,293,0.36855345911949683,32,1754440143,1758973584,1754440143,1758973584
529,24,19,1758664929,https://www.tiktok.com/@evelynjackson/video/9000000000000000529,3,1,0.3333333333333333,19,19,0.3333333333333333,1,1758821289,1759176010,1758821289,1759176010
530,7,32,1758726106,https://www.tiktok.com/@emmalee/video/9000000000000000530,2,2,1,10.5,21,0.328125,2,1754568282,1759177471,1754568282,1759177471
531,42,36,1755717923,https://www.tiktok.com/@noahlopez/video/9000000000000000531,16,8,0.5,11.25,90,0.15625,8,1755751416,1758946160,1755751416,1758946160
532,30,24,1755658462,https://www.tiktok.com/@avawalker/video/9000000000000000532,26,17,0.6538461538461539,8.764705882352942,149,0.23878205128205127,14,1755657538,1759138800,1755657538,1759138800
533,23,30,1756795966,https://www.tiktok.com/@jameshub7877/video/9000000000000000533,9,6,0.6666666666666666,16.833333333333332,101,0.37407407407407406,6,1757037818,1758206259,1757037818,1758206259
534,48,23,1754200083,https://www.tiktok.com/@isabellahub287/video/9000000000000000534,87,58,0.6666666666666666,10.775862068965518,625,0.312343828085957,41,1754182786,1759031392,1754182786,1759031392
535,13,33,1756068013,https://www.tiktok.com/@lucashall/video/9000000000000000535,23,20,0.8695652173913043,28.1,562,0.7404479578392622,16,1756012688,1759168170,1756012688,1759168170
536,41,35,1755021461,https://www.tiktok.com/@noahjohnson_1/video/9000000000000000536,36,25,0.6944444444444444,22.64,566,0.44920634920634916,20,1755142599,1758712476,1755142599,1758712476
537,28,38,1757296794,https://www.tiktok.com/@avalopez/video/9000000000000000537,15,9,0.6,19.555555555555557,176,0.3087719298245614,8,1757316257,1758771943,1757316257,1758771943
538,9,20,1755016060,https://www.tiktok.com/@noahjohnson/video/9000000000000000538,45,31,0.6888888888888889,12.129032258064516,376,0.4177777777777778,24,1754975776,1758995406,1754975776,1758995406
539,25,23,1757310847,https://www.tiktok.com/@evelyndaily8703/video/9000000000000000539,10,10,1,13.4,134,0.5826086956521739,9,1757648910,1759088924,1757648910,1759088924
540,43,43,1756327247,https://www.tiktok.com/@jameswalker/video/9000000000000000540,19,16,0.8421052631578947,25.625,410,0.5018359853121175,14,1756354954,1759106027,1756354954,1759106027
541,2,34,1756955503,https://www.tiktok.com/@isabelladaily931/video/9000000000000000541,12,9,0.75,17.333333333333332,156,0.38235294117647056,8,1757040970,1758961772,1757040970,1758961772
542,55,35,1759189768,https://www.tiktok.com/@sophiafit8328/video/9000000000000000542,0,0,NA,NA,0,NA,0,NA,NA,NA,NA
543,25,32,1754042801,https://www.tiktok.com/@evelyndaily8703/video/9000000000000000543,104,76,0.7307692307692307,21.05263157894737,1600,0.4807692307692308,49,1754009292,1758549521,1754009292,1758549521
544,27,28,1755031767,https://www.tiktok.com/@sophiasmith/video/9000000000000000544,30,19,0.6333333333333333,16.05263157894737,305,0.3630952380952381,17,1754964064,1759176042,1754964064,1759176042
545,60,25,1756390330,https://www.tiktok.com/@ethanallen/video/9000000000000000545,21,13,0.6190476190476191,10.461538461538462,136,0.2590476190476191,13,1756522938,1759155388,1756522938,1759155388
546,20,28,1757223004,https://www.tiktok.com/@sophiajohnson/video/9000000000000000546,16,12,0.75,16.416666666666668,197,0.43973214285714285,12,1757300708,1758742548,1757300708,1758742548
547,17,18,1758412614,https://www.tiktok.com/@evelyngarcia/video/9000000000000000547,4,4,1,10.75,43,0.5972222222222222,4,1754465872,1758853414,1754465872,1758853414
548,6,23,1754590286,https://www.tiktok.com/@avagarcia/video/9000000000000000548,61,39,0.639344262295082,12.564102564102564,490,0.34925160370634356,34,1754526690,1758975138,1754526690,1758975138
549,16,20,1754683245,https://www.tiktok.com/@emmamartin/video/9000000000000000549,50,37,0.74,11.135135135135135,412,0.41200000000000003,34,1754638792,1758923434,1754638792,1758923434
550,56,48,1757279067,https://www.tiktok.com/@masonhall/video/9000000000000000550,13,7,0.5384615384615384,33.285714285714285,233,0.3733974358974359,7,1757360602,1759131340,1757360602,1759131340
551,9,20,1754856947,https://www.tiktok.com/@noahjohnson/video/9000000000000000551,37,23,0.6216216216216216,8.173913043478262,188,0.25405405405405407,20,1754809302,1759118362,1754809302,1759118362
552,59,17,1757110333,https://www.tiktok.com/@elijahtaylor/video/9000000000000000552,9,7,0.7777777777777778,7.714285714285714,54,0.3529411764705882,5,1754043678,1759171298,1754043678,1759171298
553,32,15,1754055374,https://www.tiktok.com/@emmadavis/video/9000000000000000553,102,79,0.7745098039215687,7.556962025316456,597,0.3901960784313725,46,1754007227,1759121164,1754007227,1759121164
554,43,12,1756472411,https://www.tiktok.com/@jameswalker/video/9000000000000000554,19,8,0.42105263157894735,3.5,28,0.12280701754385966,7,1756478415,1759154906,1756478415,1759154906
555,46,25,1757039078,https://www.tiktok.com/@benjaminhub4825/video/9000000000000000555,18,12,0.6666666666666666,20.583333333333332,247,0.548888888888889,10,1757166030,1759140184,1757166030,1759140184
556,20,27,1754051125,https://www.tiktok.com/@sophiajohnson/video/9000000000000000556,95,66,0.6947368421052632,16.257575757575758,1073,0.4183235867446394,44,1754010415,1758792038,1754010415,1758792038
557,23,42,1757204107,https://www.tiktok.com/@jameshub7877/video/9000000000000000557,9,6,0.6666666666666666,28,168,0.4444444444444444,6,1757348867,1758568887,1757348867,1758568887
558,3,36,1757478074,https://www.tiktok.com/@charlotteanderson/video/9000000000000000558,6,5,0.8333333333333334,16,80,0.3703703703703704,5,1757784598,1758963541,1757784598,1758963541
559,21,33,1755111365,https://www.tiktok.com/@jamesmiller/video/9000000000000000559,31,19,0.6129032258064516,18.05263157894737,343,0.3352883675464321,19,1755061277,1759167766,1755061277,1759167766
560,1,23,1758843351,https://www.tiktok.com/@evelynlive4018/video/9000000000000000560,2,2,1,23,46,1,2,1758784994,1759029419,1758784994,1759029419
561,8,41,1757341004,https://www.tiktok.com/@miastudio6290/video/9000000000000000561,6,2,0.3333333333333333,41,82,0.3333333333333333,2,1757423746,1758851515,1757423746,1758851515
562,44,34,1756225712,https://www.tiktok.com/@jamessmith/video/9000000000000000562,23,15,0.6521739130434783,18.666666666666668,280,0.3580562659846547,14,1754291657,1758938227,1754291657,1758938227
563,42,13,1755265096,https://www.tiktok.com/@noahlopez/video/9000000000000000563,31,24,0.7741935483870968,7,168,0.41687344913151364,23,1755242599,1759061479,1755242599,1759061479
564,14,17,1758270321,https://www.tiktok.com/@ameliataylor/video/9000000000000000564,3,3,1,10.333333333333334,31,0.6078431372549019,3,1758294790,1759026495,1758294790,1759026495
565,58,23,1757052795,https://www.tiktok.com/@oliviahall/video/9000000000000000565,11,8,0.7272727272727273,14.875,119,0.47035573122529645,8,1757091024,1759062124,1757091024,1759062124
566,54,34,1755145314,https://www.tiktok.com/@noahclark/video/9000000000000000566,34,25,0.7352941176470589,20.44,511,0.4420415224913495,22,1755178417,1758279680,1755178417,1758279680
567,59,17,1757195144,https://www.tiktok.com/@elijahtaylor/video/9000000000000000567,10,6,0.6,9.5,57,0.33529411764705885,6,1757244280,1759028203,1757244280,1759028203
568,55,28,1757803369,https://www.tiktok.com/@sophiafit8328/video/9000000000000000568,4,1,0.25,20,20,0.17857142857142858,1,1757741991,1758691806,1757741991,1758691806
569,57,12,1758324329,https://www.tiktok.com/@harpertaylor/video/9000000000000000569,3,3,1,7,21,0.5833333333333334,3,1758266237,1759181996,1758266237,1759181996
570,33,41,1757986321,https://www.tiktok.com/@masonyoung/video/9000000000000000570,3,2,0.6666666666666666,6,12,0.09756097560975609,1,1758728335,1758948162,1758728335,1758948162
571,54,39,1757430076,https://www.tiktok.com/@noahclark/video/9000000000000000571,7,7,1,17,119,0.43589743589743585,7,1757746034,1758728305,1757746034,1758728305
572,45,38,1755359046,https://www.tiktok.com/@lucasmartin/video/9000000000000000572,24,19,0.7916666666666666,24.842105263157894,472,0.5175438596491228,18,1755693869,1759183087,1755693869,1759183087
573,4,28,1756828459,https://www.tiktok.com/@emmatv9884/video/9000000000000000573,12,7,0.5833333333333334,18,126,0.375,7,1756890058,1758809605,1756890058,1758809605
574,3,15,1757544690,https://www.tiktok.com/@charlotteanderson/video/9000000000000000574,10,4,0.4,11.25,45,0.3,4,1757607680,1759045425,1757607680,1759045425
575,16,45,1757199738,https://www.tiktok.com/@emmamartin/video/9000000000000000575,16,13,0.8125,28.46153846153846,370,0.5138888888888888,13,1757277873,1758741999,1757277873,1758741999
576,56,24,1755475440,https://www.tiktok.com/@masonhall/video/9000000000000000576,30,23,0.7666666666666667,12.347826086956522,284,0.3944444444444445,22,1755590615,1759122069,1755590615,1759122069
577,45,27,1755642064,https://www.tiktok.com/@lucasmartin/video/9000000000000000577,26,18,0.6923076923076923,13.166666666666666,237,0.3376068376068376,18,1755859910,1759085901,1755859910,1759085901
578,25,26,1756977012,https://www.tiktok.com/@evelyndaily8703/video/9000000000000000578,16,12,0.75,18.666666666666668,224,0.5384615384615384,11,1756963483,1759141872,1756963483,1759141872
579,42,39,1757249510,https://www.tiktok.com/@noahlopez/video/9000000000000000579,12,10,0.8333333333333334,26.4,264,0.5641025641025641,10,1757360560,1758893703,1757360560,1758893703
580,20,19,1755079403,https://www.tiktok.com/@sophiajohnson/video/9000000000000000580,34,25,0.7352941176470589,8.96,224,0.34674922600619196,21,1755142994,1758975294,1755142994,1758975294
581,46,42,1757841965,https://www.tiktok.com/@benjaminhub4825/video/9000000000000000581,13,8,0.6153846153846154,21.125,169,0.30952380952380953,8,1757815614,1759117295,1757815614,1759117295
582,1,38,1757726403,https://www.tiktok.com/@evelynlive4018/video/9000000000000000582,10,9,0.9,21.77777777777778,196,0.5157894736842106,9,1757736096,1758990759,1757736096,1758990759
583,52,43,1758736585,https://www.tiktok.com/@miatv693/video/9000000000000000583,3,2,0.6666666666666666,16.5,33,0.2558139534883721,2,1758769106,1759036042,1758769106,1759036042
584,29,46,1757258145,https://www.tiktok.com/@sophialee/video/9000000000000000584,11,8,0.7272727272727273,16.75,134,0.2648221343873518,8,1757210677,1758877754,1757210677,1758877754
585,26,31,1757054098,https://www.tiktok.com/@noahlive7510/video/9000000000000000585,11,9,0.8181818181818182,20.22222222222222,182,0.533724340175953,8,1757060240,1758515543,1757060240,1758515543
586,8,30,1758988173,https://www.tiktok.com/@miastudio6290/video/9000000000000000586,0,0,NA,NA,0,NA,0,NA,NA,NA,NA
587,20,19,1755622265,https://www.tiktok.com/@sophiajohnson/video/9000000000000000587,30,15,0.5,9.066666666666666,136,0.23859649122807017,14,1755571703,1758251700,1755571703,1758251700
588,39,29,1754190784,https://www.tiktok.com/@avatv5794/video/9000000000000000588,60,35,0.5833333333333334,17.257142857142856,604,0.3471264367816092,30,1754190286,1758537514,1754190286,1758537514
589,53,14,1757925745,https://www.tiktok.com/@charlotteyoung/video/9000000000000000589,15,9,0.6,6.555555555555555,59,0.28095238095238095,9,1754341894,1759140151,1754341894,1759140151
590,47,32,1755555592,https://www.tiktok.com/@avawalker_1/video/9000000000000000590,32,21,0.65625,19.19047619047619,403,0.3935546875,17,1755568102,1758797112,1755568102,1758797112
591,8,27,1755334963,https://www.tiktok.com/@miastudio6290/video/9000000000000000591,26,19,0.7307692307692307,16.68421052631579,317,0.45156695156695154,15,1755313406,1759151742,1755313406,1759151742
592,23,38,1755463110,https://www.tiktok.com/@jameshub7877/video/9000000000000000592,32,25,0.78125,22.2,555,0.4564144736842105,22,1755405122,1759136592,1755405122,1759136592
593,19,30,1754739904,https://www.tiktok.com/@elijahtv1416/video/9000000000000000593,33,22,0.6666666666666666,18.90909090909091,416,0.42020202020202024,19,1754749803,1758575595,1754749803,1758575595
594,45,10,1757217064,https://www.tiktok.com/@lucasmartin/video/9000000000000000594,18,14,0.7777777777777778,5.571428571428571,78,0.43333333333333335,14,1757244243,1759168328,1757244243,1759168328
595,4,33,1755601432,https://www.tiktok.com/@emmatv9884/video/9000000000000000595,16,8,0.5,22,176,0.3333333333333333,8,1755579768,1759034424,1755579768,1759034424
596,16,37,1755224052,https://www.tiktok.com/@emmamartin/video/9000000000000000596,31,20,0.6451612903225806,17,340,0.2964254577157803,17,1755218598,1758448828,1755218598,1758448828
597,49,32,1754350746,https://www.tiktok.com/@sophiaofficial3334/video/9000000000000000597,49,36,0.7346938775510204,16.694444444444443,601,0.3832908163265306,28,1754280302,1759058980,1754280302,1759058980
598,26,25,1758859414,https://www.tiktok.com/@noahlive7510/video/9000000000000000598,2,1,0.5,25,25,0.5,1,1758865587,1759036065,1758865587,1759036065
599,39,19,1758322987,https://www.tiktok.com/@avatv5794/video/9000000000000000599,7,6,0.8571428571428571,10.833333333333334,65,0.48872180451127817,6,1758256065,1758758684,1758256065,1758758684
600,27,51,1757442698,https://www.tiktok.com/@sophiasmith/video/9000000000000000600,8,6,0.75,25.166666666666668,151,0.3700980392156863,6,1757377248,1759118806,1757377248,1759118806
601,35,25,1758761727,https://www.tiktok.com/@evelyntv920/video/9000000000000000601,3,2,0.6666666666666666,21,42,0.56,2,1758922146,1758980332,1758922146,1758980332
602,13,29,1755028260,https://www.tiktok.com/@lucashall/video/9000000000000000602,38,26,0.6842105263157895,17.307692307692307,450,0.40834845735027225,24,1754996427,1759183653,1754996427,1759183653
603,43,19,1758350385,https://www.tiktok.com/@jameswalker/video/9000000000000000603,3,3,1,8.666666666666666,26,0.456140350877193,3,1758426581,1758998448,1758426581,1758998448
604,10,19,1757962389,https://www.tiktok.com/@harperdavis/video/9000000000000000604,4,1,0.25,4,4,0.05263157894736842,1,1758452203,1759088477,1758452203,1759088477
605,31,23,1757785845,https://www.tiktok.com/@lucasjackson/video/9000000000000000605,5,4,0.8,12.25,49,0.42608695652173917,4,1758012151,1758967879,1758012151,1758967879
606,20,12,1757202547,https://www.tiktok.com/@sophiajohnson/video/9000000000000000606,9,7,0.7777777777777778,7.285714285714286,51,0.4722222222222222,7,1757390460,1759031446,1757390460,1759031446
607,9,25,1758275414,https://www.tiktok.com/@noahjohnson/video/9000000000000000607,3,3,1,13.333333333333334,40,0.5333333333333333,3,1758257115,1759091305,1758257115,1759091305
608,37,33,1755302129,https://www.tiktok.com/@charlottegarcia/video/9000000000000000608,22,14,0.6363636363636364,18.785714285714285,263,0.3622589531680441,14,1755410610,1758939500,1755410610,1758939500
609,56,29,1756834159,https://www.tiktok.com/@masonhall/video/9000000000000000609,14,6,0.42857142857142855,15.5,93,0.229064039408867,5,1756871398,1758538654,1756871398,1758538654
610,23,24,1755505798,https://www.tiktok.com/@jameshub7877/video/9000000000000000610,28,22,0.7857142857142857,10.227272727272727,225,0.33482142857142855,21,1755479400,1758938407,1755479400,1758938407
611,51,25,1758529966,https://www.tiktok.com/@miadavis/video/9000000000000000611,1,1,1,9,9,0.36,1,1758810831,1758810831,1758810831,1758810831
612,56,23,1755554280,https://www.tiktok.com/@masonhall/video/9000000000000000612,46,31,0.6739130434782609,12.67741935483871,393,0.3714555765595463,27,1755489113,1758990226,1755489113,1758990226
613,7,26,1755256639,https://www.tiktok.com/@emmalee/video/9000000000000000613,32,22,0.6875,13.545454545454545,298,0.3581730769230769,19,1755230402,1758905215,1755230402,1758905215
614,27,14,1754501617,https://www.tiktok.com/@sophiasmith/video/9000000000000000614,49,31,0.6326530612244898,7.548387096774194,234,0.34110787172011664,25,1754440470,1758995542,1754440470,1758995542
615,27,23,1755447530,https://www.tiktok.com/@sophiasmith/video/9000000000000000615,28,22,0.7857142857142857,11.863636363636363,261,0.4052795031055901,21,1755406683,1759088988,1755406683,1759088988
616,1,58,1758277900,https://www.tiktok.com/@evelynlive4018/video/9000000000000000616,4,4,1,33.5,134,0.5775862068965517,4,1758262632,1759168226,1758262632,1759168226
617,24,20,1754854350,https://www.tiktok.com/@evelynjackson/video/9000000000000000617,38,18,0.47368421052631576,11.5,207,0.2723684210526316,16,1754862932,1759061385,1754862932,1759061385
618,8,35,1755391459,https://www.tiktok.com/@miastudio6290/video/9000000000000000618,22,12,0.5454545454545454,21.5,258,0.33506493506493507,11,1754049844,1759057409,1754049844,1759057409
619,16,38,1757493747,https://www.tiktok.com/@emmamartin/video/9000000000000000619,12,10,0.8333333333333334,13.6,136,0.2982456140350877,9,1757539817,1759137460,1757539817,1759137460
620,30,17,1759160505,https://www.tiktok.com/@avawalker/video/9000000000000000620,0,0,NA,NA,0,NA,0,NA,NA,NA,NA
621,56,25,1755348144,https://www.tiktok.com/@masonhall/video/9000000000000000621,23,16,0.6956521739130435,19.1875,307,0.5339130434782609,15,1755302582,1758596586,1755302582,1758596586
622,40,11,1755332054,https://www.tiktok.com/@ameliataylor_1/video/9000000000000000622,22,15,0.6818181818181818,6.733333333333333,101,0.41735537190082644,15,1755537811,1759076093,1755537811,1759076093
623,58,37,1757911185,https://www.tiktok.com/@oliviahall/video/9000000000000000623,6,3,0.5,15.333333333333334,46,0.2072072072072072,3,1757949084,1759038540,1757949084,1759038540
624,5,18,1755558000,https://www.tiktok.com/@evelyndaily3219/video/9000000000000000624,29,21,0.7241379310344828,13.619047619047619,286,0.5478927203065134,18,1755534445,1759146941,1755534445,1759146941
625,5,55,1758087518,https://www.tiktok.com/@evelyndaily3219/video/9000000000000000625,9,6,0.6666666666666666,39,234,0.4727272727272728,6,1758129282,1758949184,1758129282,1758949184
626,23,22,1757683164,https://www.tiktok.com/@jameshub7877/video/9000000000000000626,11,6,0.5454545454545454,12.833333333333334,77,0.3181818181818182,5,1757727343,1759045024,1757727343,1759045024
627,29,33,1755953464,https://www.tiktok.com/@sophialee/video/9000000000000000627,20,13,0.65,18.76923076923077,244,0.3696969696969697,12,1755945376,1759159728,1755945376,1759159728
628,39,31,1758098405,https://www.tiktok.com/@avatv5794/video/9000000000000000628,3,3,1,17.333333333333332,52,0.5591397849462366,3,1758385331,1758999709,1758385331,1758999709
629,25,49,1757989455,https://www.tiktok.com/@evelyndaily8703/video/9000000000000000629,7,4,0.5714285714285714,30.75,123,0.358600583090379,4,1758044142,1758948625,1758044142,1758948625
630,17,25,1755167060,https://www.tiktok.com/@evelyngarcia/video/9000000000000000630,28,20,0.7142857142857143,13.95,279,0.3985714285714286,17,1755139030,1759140157,1755139030,1759140157
631,29,16,1755849310,https://www.tiktok.com/@sophialee/video/9000000000000000631,12,5,0.4166666666666667,7,35,0.18229166666666666,5,1755908461,1758478928,1755908461,1758478928
632,49,22,1758746122,https://www.tiktok.com/@sophiaofficial3334/video/9000000000000000632,3,3,1,3.6666666666666665,11,0.16666666666666666,3,1758696598,1758799778,1758696598,1758799778
633,42,20,1754602761,https://www.tiktok.com/@noahlopez/video/9000000000000000633,33,26,0.7878787878787878,10.23076923076923,266,0.40303030303030307,23,1754540957,1758863735,1754540957,1758863735
634,3,46,1758106009,https://www.tiktok.com/@charlotteanderson/video/9000000000000000634,10,8,0.8,32.25,258,0.5608695652173913,7,1758067610,1759162527,1758067610,1759162527
635,7,38,1755922886,https://www.tiktok.com/@emmalee/video/9000000000000000635,25,20,0.8,20.6,412,0.43368421052631573,17,1755919598,1758971541,1755919598,1758971541
636,58,31,1754864280,https://www.tiktok.com/@oliviahall/video/9000000000000000636,66,49,0.7424242424242424,16.040816326530614,786,0.3841642228739003,39,1754784115,1759174557,1754784115,1759174557
637,22,39,1756378498,https://www.tiktok.com/@lucaswilson/video/9000000000000000637,18,10,0.5555555555555556,14,140,0.19943019943019943,9,1756397685,1759176140,1756397685,1759176140
638,47,39,1758257549,https://www.tiktok.com/@avawalker_1/video/9000000000000000638,2,1,0.5,7,7,0.08974358974358974,1,1758261992,1758955098,1758261992,1758955098
639,27,29,1755461380,https://www.tiktok.com/@sophiasmith/video/9000000000000000639,15,11,0.7333333333333333,16.181818181818183,178,0.4091954022988506,10,1755422166,1758984662,1755422166,1758984662
640,25,31,1754110366,https://www.tiktok.com/@evelyndaily8703/video/9000000000000000640,80,51,0.6375,21.529411764705884,1098,0.442741935483871,39,1754104994,1758923420,1754104994,1758923420
641,24,33,1755844188,https://www.tiktok.com/@evelynjackson/video/9000000000000000641,17,14,0.8235294117647058,18.071428571428573,253,0.45098039215686275,14,1755876958,1759058372,1755876958,1759058372
642,25,33,1754454746,https://www.tiktok.com/@evelyndaily8703/video/9000000000000000642,44,25,0.5681818181818182,18.84,471,0.32438016528925623,18,1754456050,1758705328,1754456050,1758705328
643,44,25,1756047996,https://www.tiktok.com/@jamessmith/video/9000000000000000643,18,15,0.8333333333333334,13.733333333333333,206,0.4577777777777778,15,1756389082,1759035885,1756389082,1759035885
644,22,35,1758439174,https://www.tiktok.com/@lucaswilson/video/9000000000000000644,7,4,0.5714285714285714,12.75,51,0.20816326530612245,4,1758430830,1759124446,1758430830,1759124446
645,17,25,1756882216,https://www.tiktok.com/@evelyngarcia/video/9000000000000000645,16,11,0.6875,17.727272727272727,195,0.4875,9,1756908223,1759171227,1756908223,1759171227
646,24,38,1757423889,https://www.tiktok.com/@evelynjackson/video/9000000000000000646,8,6,0.75,25.5,153,0.5032894736842105,6,1757393057,1758889561,1757393057,1758889561
647,23,35,1755280855,https://www.tiktok.com/@jameshub7877/video/9000000000000000647,40,29,0.725,15.275862068965518,443,0.3164285714285714,24,1755217470,1758628542,1755217470,1758628542
648,44,22,1755558569,https://www.tiktok.com/@jamessmith/video/9000000000000000648,34,24,0.7058823529411765,11.875,285,0.3810160427807487,24,1755489095,1758998418,1755489095,1758998418
649,49,29,1756712499,https://www.tiktok.com/@sophiaofficial3334/video/9000000000000000649,15,14,0.9333333333333333,23.714285714285715,332,0.7632183908045977,13,1756818076,1758831731,1756818076,1758831731
650,5,35,1754200569,https://www.tiktok.com/@evelyndaily3219/video/9000000000000000650,67,49,0.7313432835820896,18.755102040816325,919,0.3918976545842217,33,1754202744,1759049323,1754202744,1759049323
651,42,31,1758020463,https://www.tiktok.com/@noahlopez/video/9000000000000000651,5,1,0.2,13,13,0.08387096774193549,1,1758068193,1759045029,1758068193,1759045029
652,36,30,1756936419,https://www.tiktok.com/@henrythomas/video/9000000000000000652,19,11,0.5789473684210527,17.545454545454547,193,0.3385964912280702,9,1756930272,1759001330,1756930272,1759001330
653,51,25,1754370778,https://www.tiktok.com/@miadavis/video/9000000000000000653,46,30,0.6521739130434783,13.433333333333334,403,0.35043478260869565,24,1754388813,1759127810,1754388813,1759127810
654,36,37,1757220450,https://www.tiktok.com/@henrythomas/video/9000000000000000654,15,12,0.8,13.666666666666666,164,0.2954954954954955,12,1757329133,1758979778,1757329133,1758979778
655,48,47,1756674943,https://www.tiktok.com/@isabellahub287/video/9000000000000000655,15,7,0.4666666666666667,23.571428571428573,165,0.23404255319148934,7,1756645787,1758522911,1756645787,1758522911
656,58,10,1756975221,https://www.tiktok.com/@oliviahall/video/9000000000000000656,22,14,0.6363636363636364,4.142857142857143,58,0.2636363636363636,14,1757019097,1759155451,1757019097,1759155451
657,5,46,1754280604,https://www.tiktok.com/@evelyndaily3219/video/9000000000000000657,43,31,0.7209302325581395,29.838709677419356,925,0.46764408493427706,21,1754342748,1758973534,1754342748,1758973534
658,21,24,1754137696,https://www.tiktok.com/@jamesmiller/video/9000000000000000658,81,60,0.7407407407407407,14.55,873,0.44907407407407407,41,1754111581,1759077686,1754111581,1759077686
659,21,45,1756316892,https://www.tiktok.com/@jamesmiller/video/9000000000000000659,13,5,0.38461538461538464,20.8,104,0.17777777777777776,5,1754036594,1759011235,1754036594,1759011235
660,16,47,1755645415,https://www.tiktok.com/@emmamartin/video/9000000000000000660,26,18,0.6923076923076923,19.22222222222222,346,0.28314238952536824,17,1755777166,1759159714,1755777166,1759159714
661,26,44,1756534622,https://www.tiktok.com/@noahlive7510/video/9000000000000000661,27,16,0.5925925925925926,20.0625,321,0.27020202020202017,15,1756624054,1759105351,1756624054,1759105351
662,58,27,1754869018,https://www.tiktok.com/@oliviahall/video/9000000000000000662,30,21,0.7,18.61904761904762,391,0.482716049382716,20,1754837889,1759161110,1754837889,1759161110
663,42,45,1754358905,https://www.tiktok.com/@noahlopez/video/9000000000000000663,63,47,0.746031746031746,21.80851063829787,1025,0.3615520282186949,39,1754399722,1759127795,1754399722,1759127795
664,20,38,1754385458,https://www.tiktok.com/@sophiajohnson/video/9000000000000000664,36,25,0.6944444444444444,24.64,616,0.4502923976608187,19,1754456600,1759163954,1754456600,1759163954
665,14,39,1757852753,https://www.tiktok.com/@ameliataylor/video/9000000000000000665,8,2,0.25,23,46,0.14743589743589744,2,1758398580,1759008251,1758398580,1759008251
666,23,33,1758492450,https://www.tiktok.com/@jameshub7877/video/9000000000000000666,4,2,0.5,20.5,41,0.3106060606060606,2,1758624709,1759124082,1758624709,1759124082
667,59,40,1756555433,https://www.tiktok.com/@elijahtaylor/video/9000000000000000667,17,11,0.6470588235294118,20.818181818181817,229,0.3367647058823529,10,1756675118,1759105270,1756675118,1759105270
668,9,19,1756467515,https://www.tiktok.com/@noahjohnson/video/9000000000000000668,17,12,0.7058823529411765,7.75,93,0.28792569659442724,11,1756576318,1759154743,1756576318,1759154743
669,30,33,1757754942,https://www.tiktok.com/@avawalker/video/9000000000000000669,8,5,0.625,16.2,81,0.3068181818181818,5,1754130462,1759096936,1754130462,1759096936
670,25,28,1757656650,https://www.tiktok.com/@evelyndaily8703/video/9000000000000000670,11,7,0.6363636363636364,10.714285714285714,75,0.24350649350649348,7,1757722430,1759159002,1757722430,1759159002
671,45,20,1756066588,https://www.tiktok.com/@lucasmartin/video/9000000000000000671,21,15,0.7142857142857143,13.266666666666667,199,0.4738095238095238,15,1756011617,1758987186,1756011617,1758987186
672,3,12,1759021623,https://www.tiktok.com/@charlotteanderson/video/9000000000000000672,1,0,0,NA,0,0,0,1754313581,1754313581,1754313581,1754313581
673,55,32,1757717838,https://www.tiktok.com/@sophiafit8328/video/9000000000000000673,13,11,0.8461538461538461,13.545454545454545,149,0.3581730769230769,10,1757711286,1758989888,1757711286,1758989888
674,22,34,1755351599,https://www.tiktok.com/@lucaswilson/video/9000000000000000674,24,19,0.7916666666666666,17.94736842105263,341,0.4178921568627451,15,1755521884,1758801513,1755521884,1758801513
675,4,33,1758092836,https://www.tiktok.com/@emmatv9884/video/9000000000000000675,6,4,0.6666666666666666,21.5,86,0.4343434343434343,4,1758087053,1758968472,1758087053,1758968472
676,34,34,1756986693,https://www.tiktok.com/@masonwilson/video/9000000000000000676,14,9,0.6428571428571429,18,162,0.3403361344537815,8,1757119229,1758877374,1757119229,1758877374
677,16,21,1755788029,https://www.tiktok.com/@emmamartin/video/9000000000000000677,26,20,0.7692307692307693,10.7,214,0.39194139194139194,20,1755813678,1758636860,1755813678,1758636860
678,44,35,1758888060,https://www.tiktok.com/@jamessmith/video/9000000000000000678,4,2,0.5,12.5,25,0.17857142857142858,2,1758862316,1759154712,1758862316,1759154712
679,25,38,1756035616,https://www.tiktok.com/@evelyndaily8703/video/9000000000000000679,15,7,0.4666666666666667,21.142857142857142,148,0.2596491228070176,7,1756004732,1758961739,1756004732,1758961739
680,15,12,1754977751,https://www.tiktok.com/@emmawilson/video/9000000000000000680,40,28,0.7,6.214285714285714,174,0.3625,24,1754975572,1758025804,1754975572,1758025804
681,24,15,1755639284,https://www.tiktok.com/@evelynjackson/video/9000000000000000681,29,23,0.7931034482758621,8.434782608695652,194,0.4459770114942529,19,1755600647,1759127054,1755600647,1759127054
682,26,22,1756864117,https://www.tiktok.com/@noahlive7510/video/9000000000000000682,13,9,0.6923076923076923,11.777777777777779,106,0.3706293706293706,7,1756918203,1758947774,1756918203,1758947774
683,2,41,1758988958,https://www.tiktok.com/@isabelladaily931/video/9000000000000000683,1,1,1,12,12,0.2926829268292683,1,1759168771,1759168771,1759168771,1759168771
684,12,42,1755841481,https://www.tiktok.com/@ethanstudio5228/video/9000000000000000684,25,12,0.48,17.416666666666668,209,0.19904761904761906,10,1755893293,1758526803,1755893293,1758526803
685,57,12,1757022716,https://www.tiktok.com/@harpertaylor/video/9000000000000000685,17,11,0.6470588235294118,6.090909090909091,67,0.3284313725490196,9,1757071294,1759162473,1757071294,1759162473
686,60,32,1754314276,https://www.tiktok.com/@ethanallen/video/9000000000000000686,44,32,0.7272727272727273,18.84375,603,0.42826704545454547,26,1754281310,1758963507,1754281310,1758963507
687,32,17,1756140707,https://www.tiktok.com/@emmadavis/video/9000000000000000687,21,16,0.7619047619047619,12.4375,199,0.5574229691876751,15,1756092277,1759004279,1756092277,1759004279
688,23,29,1756985470,https://www.tiktok.com/@jameshub7877/video/9000000000000000688,10,6,0.6,11.333333333333334,68,0.23448275862068962,5,1756965191,1758968852,1756965191,1758968852
689,59,28,1755711964,https://www.tiktok.com/@elijahtaylor/video/9000000000000000689,20,16,0.8,15.0625,241,0.4303571428571429,16,1755707662,1758832210,1755707662,1758832210
690,2,21,1754344145,https://www.tiktok.com/@isabelladaily931/video/9000000000000000690,63,48,0.7619047619047619,11.416666666666666,548,0.41421012849584277,34,1754326256,1758912151,1754326256,1758912151
691,25,38,1758130527,https://www.tiktok.com/@evelyndaily8703/video/9000000000000000691,5,3,0.6,17,51,0.26842105263157895,3,1758259826,1759140155,1758259826,1759140155
692,25,11,1757799033,https://www.tiktok.com/@evelyndaily8703/video/9000000000000000692,9,5,0.5555555555555556,6.8,34,0.3434343434343434,5,1757780877,1758987344,1757780877,1758987344
693,27,29,1755781810,https://www.tiktok.com/@sophiasmith/video/9000000000000000693,26,17,0.6538461538461539,13.176470588235293,224,0.29708222811671087,16,1755796561,1759153192,1755796561,1759153192
694,34,35,1756106919,https://www.tiktok.com/@masonwilson/video/9000000000000000694,14,10,0.7142857142857143,20.4,204,0.4163265306122449,9,1756080749,1759091337,1756080749,1759091337
695,46,28,1755266930,https://www.tiktok.com/@benjaminhub4825/video/9000000000000000695,26,24,0.9230769230769231,15.916666666666666,382,0.5247252747252747,19,1755287505,1758859928,1755287505,1758859928
696,28,36,1754897759,https://www.tiktok.com/@avalopez/video/9000000000000000696,31,20,0.6451612903225806,18.75,375,0.33602150537634407,17,1754914527,1758859972,1754914527,1758859972
697,37,21,1756767469,https://www.tiktok.com/@charlottegarcia/video/9000000000000000697,11,4,0.36363636363636365,9.75,39,0.16883116883116883,4,1756754854,1758957552,1756754854,1758957552
698,17,18,1756943479,https://www.tiktok.com/@evelyngarcia/video/9000000000000000698,16,10,0.625,10.1,101,0.3506944444444444,9,1756965462,1759163172,1756965462,1759163172
699,60,21,1757697026,https://www.tiktok.com/@ethanallen/video/9000000000000000699,13,9,0.6923076923076923,14.88888888888889,134,0.4908424908424908,8,1757671375,1759094098,1757671375,1759094098
700,23,25,1758607249,https://www.tiktok.com/@jameshub7877/video/9000000000000000700,3,2,0.6666666666666666,15,30,0.39999999999999997,2,1758660150,1759111722,1758660150,1759111722
701,22,15,1754322395,https://www.tiktok.com/@lucaswilson/video/9000000000000000701,54,34,0.6296296296296297,6.323529411764706,215,0.2654320987654321,26,1754288071,1758752020,1754288071,1758752020
702,7,39,1756428942,https://www.tiktok.com/@emmalee/video/9000000000000000702,24,19,0.7916666666666666,23.736842105263158,451,0.48183760683760685,19,1756567661,1759167757,1756567661,1759167757
703,27,39,1758958252,https://www.tiktok.com/@sophiasmith/video/9000000000000000703,0,0,NA,NA,0,NA,0,NA,NA,NA,NA
704,58,16,1757351718,https://www.tiktok.com/@oliviahall/video/9000000000000000704,10,6,0.6,7.5,45,0.28125,6,1757407518,1759140320,1757407518,1759140320
705,60,60,1754327170,https://www.tiktok.com/@ethanallen/video/9000000000000000705,59,47,0.7966101694915254,27.574468085106382,1296,0.36610169491525424,39,1754266554,1759138838,1754266554,1759138838
706,19,32,1757943474,https://www.tiktok.com/@elijahtv1416/video/9000000000000000706,6,3,0.5,28.333333333333332,85,0.4427083333333333,3,1757899764,1759176136,1757899764,1759176136
707,16,16,1756151472,https://www.tiktok.com/@emmamartin/video/9000000000000000707,16,12,0.75,7.916666666666667,95,0.37109375,9,1756082587,1759173703,1756082587,1759173703
708,39,50,1756609376,https://www.tiktok.com/@avatv5794/video/9000000000000000708,8,5,0.625,28.8,144,0.36,5,1756612484,1758741080,1756612484,1758741080
709,14,43,1755664676,https://www.tiktok.com/@ameliataylor/video/9000000000000000709,36,20,0.5555555555555556,22.35,447,0.28875968992248063,18,1755770236,1759022673,1755770236,1759022673
710,17,19,1759158156,https://www.tiktok.com/@evelyngarcia/video/9000000000000000710,1,1,1,19,19,1,1,1759146943,1759146943,1759146943,1759146943
711,20,25,1756970722,https://www.tiktok.com/@sophiajohnson/video/9000000000000000711,14,12,0.8571428571428571,13.166666666666666,158,0.45142857142857146,11,1754043829,1759175960,1754043829,1759175960
712,41,21,1758454605,https://www.tiktok.com/@noahjohnson_1/video/9000000000000000712,3,2,0.6666666666666666,6,12,0.19047619047619047,2,1758448504,1758771994,1758448504,1758771994
713,45,43,1758836074,https://www.tiktok.com/@lucasmartin/video/9000000000000000713,4,1,0.25,13,13,0.0755813953488372,1,1758859039,1759117181,1758859039,1759117181
714,52,50,1755415958,https://www.tiktok.com/@miatv693/video/9000000000000000714,25,16,0.64,33.5,536,0.4288,13,1754007238,1758919409,1754007238,1758919409
715,20,35,1757651164,https://www.tiktok.com/@sophiajohnson/video/9000000000000000715,6,2,0.3333333333333333,13.5,27,0.1285714285714286,2,1758010716,1759089724,1758010716,1759089724
716,27,22,1759067487,https://www.tiktok.com/@sophiasmith/video/9000000000000000716,0,0,NA,NA,0,NA,0,NA,NA,NA,NA
717,25,26,1755306402,https://www.tiktok.com/@evelyndaily8703/video/9000000000000000717,24,13,0.5416666666666666,14.153846153846153,184,0.2948717948717949,13,1755347438,1759044057,1755347438,1759044057
718,23,21,1754851730,https://www.tiktok.com/@jameshub7877/video/9000000000000000718,42,26,0.6190476190476191,11.346153846153847,295,0.3344671201814059,24,1754794245,1759030058,1754794245,1759030058
719,45,17,1756898897,https://www.tiktok.com/@lucasmartin/video/9000000000000000719,15,11,0.7333333333333333,6.7272727272727275,74,0.2901960784313725,11,1756885393,1759053726,1756885393,1759053726
720,8,28,1754225766,https://www.tiktok.com/@miastudio6290/video/9000000000000000720,87,64,0.735632183908046,17.3125,1108,0.4548440065681445,49,1754206356,1759082662,1754206356,1759082662
721,1,38,1754823072,https://www.tiktok.com/@evelynlive4018/video/9000000000000000721,80,57,0.7125,17.736842105263158,1011,0.3325657894736842,43,1754818382,1759089728,1754818382,1759089728
722,4,31,1754927923,https://www.tiktok.com/@emmatv9884/video/9000000000000000722,52,37,0.7115384615384616,15.35135135135135,568,0.35235732009925563,27,1755047451,1759182969,1755047451,1759182969
723,31,26,1756937059,https://www.tiktok.com/@lucasjackson/video/9000000000000000723,13,11,0.8461538461538461,10.636363636363637,117,0.34615384615384615,9,1754012086,1759147944,1754012086,1759147944
724,46,33,1758100905,https://www.tiktok.com/@benjaminhub4825/video/9000000000000000724,11,8,0.7272727272727273,17.125,137,0.3774104683195592,8,1758206290,1759038554,1758206290,1759038554
725,38,35,1754532057,https://www.tiktok.com/@miamedia9085/video/9000000000000000725,52,39,0.75,23.384615384615383,912,0.5010989010989011,27,1754538524,1759108378,1754538524,1759108378
726,2,23,1756846212,https://www.tiktok.com/@isabelladaily931/video/9000000000000000726,6,4,0.6666666666666666,14.5,58,0.4202898550724638,4,1756777815,1758964398,1756777815,1758964398
727,10,30,1756801705,https://www.tiktok.com/@harperdavis/video/9000000000000000727,13,11,0.8461538461538461,19,209,0.5358974358974359,11,1756976449,1759061388,1756976449,1759061388
728,56,30,1754134830,https://www.tiktok.com/@masonhall/video/9000000000000000728,81,56,0.691358024691358,16.035714285714285,898,0.3695473251028807,36,1754098581,1759092012,1754098581,1759092012
729,51,37,1756069126,https://www.tiktok.com/@miadavis/video/9000000000000000729,23,20,0.8695652173913043,23.5,470,0.5522914218566393,17,1756102297,1758870224,1756102297,1758870224
730,13,30,1757372679,https://www.tiktok.com/@lucashall/video/9000000000000000730,9,6,0.6666666666666666,19,114,0.4222222222222222,6,1757577616,1758880890,1757577616,1758880890
731,15,37,1754962165,https://www.tiktok.com/@emmawilson/video/9000000000000000731,46,31,0.6739130434782609,20.677419354838708,641,0.3766157461809636,24,1754960539,1758877495,1754960539,1758877495
732,31,36,1755093919,https://www.tiktok.com/@lucasjackson/video/9000000000000000732,39,28,0.717948717948718,17.214285714285715,482,0.3433048433048433,24,1755058248,1759052322,1755058248,1759052322
733,45,19,1754834695,https://www.tiktok.com/@lucasmartin/video/9000000000000000733,25,17,0.68,11.411764705882353,194,0.40842105263157896,16,1754808694,1759159655,1754808694,1759159655
734,42,13,1758364670,https://www.tiktok.com/@noahlopez/video/9000000000000000734,3,2,0.6666666666666666,4.5,9,0.23076923076923075,2,1758353329,1758848104,1758353329,1758848104
735,38,45,1757963432,https://www.tiktok.com/@miamedia9085/video/9000000000000000735,8,5,0.625,17.6,88,0.24444444444444444,5,1757905735,1759175404,1757905735,1759175404
736,37,23,1754671792,https://www.tiktok.com/@charlottegarcia/video/9000000000000000736,55,29,0.5272727272727272,15.10344827586207,438,0.34624505928853755,25,1754629009,1759124887,1754629009,1759124887
737,56,27,1757601398,https://www.tiktok.com/@masonhall/video/9000000000000000737,7,6,0.8571428571428571,18.833333333333332,113,0.5978835978835979,6,1757840560,1758847455,1757840560,1758847455
738,59,32,1755856452,https://www.tiktok.com/@elijahtaylor/video/9000000000000000738,32,23,0.71875,20.652173913043477,475,0.4638671875,21,1755852408,1759146968,1755852408,1759146968
739,20,23,1758209556,https://www.tiktok.com/@sophiajohnson/video/9000000000000000739,5,4,0.8,13.75,55,0.4782608695652174,4,1758217140,1759058942,1758217140,1759058942
740,27,24,1758147981,https://www.tiktok.com/@sophiasmith/video/9000000000000000740,3,2,0.6666666666666666,14.5,29,0.40277777777777773,2,1758205227,1758977473,1758205227,1758977473
741,58,17,1757863549,https://www.tiktok.com/@oliviahall/video/9000000000000000741,6,4,0.6666666666666666,8.75,35,0.34313725490196073,4,1758051572,1758732257,1758051572,1758732257
742,49,39,1758208124,https://www.tiktok.com/@sophiaofficial3334/video/9000000000000000742,7,5,0.7142857142857143,21,105,0.38461538461538464,5,1758404152,1758976669,1758404152,1758976669
743,22,37,1754165897,https://www.tiktok.com/@lucaswilson/video/9000000000000000743,118,75,0.635593220338983,18.826666666666668,1412,0.32340815391662847,53,1754096251,1759173723,1754096251,1759173723
744,9,16,1758511922,https://www.tiktok.com/@noahjohnson/video/9000000000000000744,4,4,1,9,36,0.5625,4,1758526292,1759053948,1758526292,1759053948
745,9,27,1758282396,https://www.tiktok.com/@noahjohnson/video/9000000000000000745,2,2,1,16.5,33,0.6111111111111112,2,1758712479,1759081947,1758712479,1759081947
746,19,53,1755286945,https://www.tiktok.com/@elijahtv1416/video/9000000000000000746,20,9,0.45,18.77777777777778,169,0.15943396226415094,9,1754054049,1759094356,1754054049,1759094356
747,23,40,1754343704,https://www.tiktok.com/@jameshub7877/video/9000000000000000747,82,63,0.7682926829268293,22.571428571428573,1422,0.4335365853658536,50,1754308035,1758977209,1754308035,1758977209
748,20,25,1758166005,https://www.tiktok.com/@sophiajohnson/video/9000000000000000748,6,2,0.3333333333333333,16,32,0.21333333333333335,2,1758264562,1759155576,1758264562,1759155576
749,20,19,1755527356,https://www.tiktok.com/@sophiajohnson/video/9000000000000000749,25,16,0.64,9.3125,149,0.3136842105263158,13,1755506777,1759173746,1755506777,1759173746
750,45,19,1755595780,https://www.tiktok.com/@lucasmartin/video/9000000000000000750,20,12,0.6,13,156,0.41052631578947374,12,1755660856,1759094639,1755660856,1759094639
751,59,35,1756526550,https://www.tiktok.com/@elijahtaylor/video/9000000000000000751,20,11,0.55,14.636363636363637,161,0.22999999999999998,10,1756611458,1759108505,1756611458,1759108505
752,22,51,1758047413,https://www.tiktok.com/@lucaswilson/video/9000000000000000752,3,1,0.3333333333333333,51,51,0.3333333333333333,1,1758202319,1759106000,1758202319,1759106000
753,30,25,1756206858,https://www.tiktok.com/@avawalker/video/9000000000000000753,28,19,0.6785714285714286,13.157894736842104,250,0.35714285714285715,19,1756346220,1759035873,1756346220,1759035873
754,42,32,1754192204,https://www.tiktok.com/@noahlopez/video/9000000000000000754,52,37,0.7115384615384616,18.89189189189189,699,0.42007211538461536,30,1754189214,1758976699,1754189214,1758976699
755,48,27,1757268450,https://www.tiktok.com/@isabellahub287/video/9000000000000000755,6,4,0.6666666666666666,18.5,74,0.4567901234567901,4,1757474887,1759052292,1757474887,1759052292
756,21,36,1756744156,https://www.tiktok.com/@jamesmiller/video/9000000000000000756,12,10,0.8333333333333334,24.2,242,0.5601851851851852,9,1757079100,1758856636,1757079100,1758856636
757,16,27,1755507910,https://www.tiktok.com/@emmamartin/video/9000000000000000757,13,10,0.7692307692307693,13.5,135,0.38461538461538464,9,1755550826,1758858495,1755550826,1758858495
758,43,32,1757200947,https://www.tiktok.com/@jameswalker/video/9000000000000000758,13,12,0.9230769230769231,21.166666666666668,254,0.6105769230769231,12,1757132056,1758828025,1757132056,1758828025
759,45,27,1756152151,https://www.tiktok.com/@lucasmartin/video/9000000000000000759,17,12,0.7058823529411765,16.833333333333332,202,0.4400871459694989,10,1756704267,1759079257,1756704267,1759079257
760,34,10,1755133517,https://www.tiktok.com/@masonwilson/video/9000000000000000760,40,23,0.575,5.6521739130434785,130,0.325,20,1755238417,1759152813,1755238417,1759152813
761,57,31,1756660206,https://www.tiktok.com/@harpertaylor/video/9000000000000000761,20,18,0.9,21.333333333333332,384,0.6193548387096774,14,1756608745,1759022839,1756608745,1759022839
762,20,48,1758361665,https://www.tiktok.com/@sophiajohnson/video/9000000000000000762,3,3,1,16,48,0.3333333333333333,3,1758447257,1758935138,1758447257,1758935138
763,45,39,1754760357,https://www.tiktok.com/@lucasmartin/video/9000000000000000763,40,25,0.625,20.96,524,0.3358974358974359,22,1754753291,1759153221,1754753291,1759153221
764,49,34,1759106185,https://www.tiktok.com/@sophiaofficial3334/video/9000000000000000764,1,1,1,9,9,0.2647058823529412,1,1759112327,1759112327,1759112327,1759112327
765,20,29,1757155184,https://www.tiktok.com/@sophiajohnson/video/9000000000000000765,10,8,0.8,20,160,0.5517241379310345,8,1757172474,1759181627,1757172474,1759181627
766,31,37,1757133712,https://www.tiktok.com/@lucasjackson/video/9000000000000000766,8,6,0.75,22.833333333333332,137,0.46283783783783783,6,1757643465,1759181662,1757643465,1759181662
767,44,32,1758323407,https://www.tiktok.com/@jamessmith/video/9000000000000000767,13,9,0.6923076923076923,16.77777777777778,151,0.3629807692307692,9,1758241544,1759146841,1758241544,1759146841
768,46,33,1755844344,https://www.tiktok.com/@benjaminhub4825/video/9000000000000000768,40,27,0.675,13.962962962962964,377,0.2856060606060606,27,1755823323,1759182984,1755823323,1759182984
769,53,21,1754046924,https://www.tiktok.com/@charlotteyoung/video/9000000000000000769,110,89,0.8090909090909091,13.393258426966293,1192,0.516017316017316,57,1754020921,1759073834,1754020921,1759073834
770,47,20,1754289213,https://www.tiktok.com/@avawalker_1/video/9000000000000000770,62,41,0.6612903225806451,13.048780487804878,535,0.4314516129032258,32,1754283185,1759163521,1754283185,1759163521
771,26,40,1758573273,https://www.tiktok.com/@noahlive7510/video/9000000000000000771,7,6,0.8571428571428571,21.333333333333332,128,0.4571428571428572,6,1758557364,1759130843,1758557364,1759130843
772,16,30,1754276264,https://www.tiktok.com/@emmamartin/video/9000000000000000772,75,57,0.76,16.17543859649123,922,0.4097777777777778,43,1754265928,1759117270,1754265928,1759117270
773,42,31,1756994874,https://www.tiktok.com/@noahlopez/video/9000000000000000773,5,4,0.8,12.25,49,0.3161290322580645,4,1757053638,1758938208,1757053638,1758938208
774,21,25,1758176996,https://www.tiktok.com/@jamesmiller/video/9000000000000000774,4,4,1,15.5,62,0.62,4,1758248042,1758819268,1758248042,1758819268
775,27,10,1755259971,https://www.tiktok.com/@sophiasmith/video/9000000000000000775,42,31,0.7380952380952381,4.967741935483871,154,0.3666666666666667,28,1755278281,1759116173,1755278281,1759116173
776,58,43,1754198766,https://www.tiktok.com/@oliviahall/video/9000000000000000776,57,32,0.5614035087719298,23.75,760,0.31007751937984496,29,1754206549,1758479656,1754206549,1758479656
777,12,34,1757933912,https://www.tiktok.com/@ethanstudio5228/video/9000000000000000777,8,6,0.75,6.166666666666667,37,0.1360294117647059,6,1757911675,1758797186,1757911675,1758797186
778,59,32,1754977990,https://www.tiktok.com/@elijahtaylor/video/9000000000000000778,33,27,0.8181818181818182,18.074074074074073,488,0.4621212121212121,21,1755013625,1758603023,1755013625,1758603023
779,30,20,1754267094,https://www.tiktok.com/@avawalker/video/9000000000000000779,71,49,0.6901408450704225,8.877551020408163,435,0.30633802816901406,44,1754287522,1758993256,1754287522,1758993256
780,45,10,1754429781,https://www.tiktok.com/@lucasmartin/video/9000000000000000780,45,31,0.6888888888888889,5.290322580645161,164,0.3644444444444444,26,1754363544,1758822356,1754363544,1758822356
781,47,24,1754960045,https://www.tiktok.com/@avawalker_1/video/9000000000000000781,35,27,0.7714285714285715,14.407407407407407,389,0.46309523809523806,24,1754967278,1758850403,1754967278,1758850403
782,56,41,1755398723,https://www.tiktok.com/@masonhall/video/9000000000000000782,22,13,0.5909090909090909,25.76923076923077,335,0.37139689578713964,11,1755394536,1758598744,1755394536,1758598744
783,47,42,1755761028,https://www.tiktok.com/@avawalker_1/video/9000000000000000783,33,23,0.696969696969697,25.869565217391305,595,0.4292929292929293,21,1756005485,1759162401,1756005485,1759162401
784,20,23,1754154866,https://www.tiktok.com/@sophiajohnson/video/9000000000000000784,74,48,0.6486486486486487,13.166666666666666,632,0.37132784958871917,35,1754095257,1758426693,1754095257,1758426693
785,32,28,1757197870,https://www.tiktok.com/@emmadavis/video/9000000000000000785,14,11,0.7857142857142857,18.727272727272727,206,0.5255102040816326,9,1757687858,1759174525,1757687858,1759174525
786,49,39,1758690807,https://www.tiktok.com/@sophiaofficial3334/video/9000000000000000786,1,1,1,5,5,0.1282051282051282,1,1758704415,1758704415,1758704415,1758704415
787,60,23,1758036488,https://www.tiktok.com/@ethanallen/video/9000000000000000787,7,5,0.7142857142857143,15.8,79,0.49068322981366463,5,1758266244,1759077613,1758266244,1759077613
788,35,28,1759121472,https://www.tiktok.com/@evelyntv920/video/9000000000000000788,0,0,NA,NA,0,NA,0,NA,NA,NA,NA
789,44,29,1758757909,https://www.tiktok.com/@jamessmith/video/9000000000000000789,0,0,NA,NA,0,NA,0,NA,NA,NA,NA
790,27,21,1754699328,https://www.tiktok.com/@sophiasmith/video/9000000000000000790,34,24,0.7058823529411765,11.416666666666666,274,0.3837535014005602,23,1754789606,1759044970,1754789606,1759044970
791,3,36,1757269565,https://www.tiktok.com/@charlotteanderson/video/9000000000000000791,11,7,0.6363636363636364,13.285714285714286,93,0.23484848484848486,7,1757550456,1759162432,1757550456,1759162432
792,55,40,1756790606,https://www.tiktok.com/@sophiafit8328/video/9000000000000000792,11,8,0.7272727272727273,20.875,167,0.3795454545454545,7,1756894480,1758704912,1756894480,1758704912
793,53,18,1757638079,https://www.tiktok.com/@charlotteyoung/video/9000000000000000793,6,3,0.5,10.333333333333334,31,0.28703703703703703,2,1757934703,1759038200,1757934703,1759038200
794,17,22,1754644522,https://www.tiktok.com/@evelyngarcia/video/9000000000000000794,23,17,0.7391304347826086,13.117647058823529,223,0.4407114624505929,15,1754642721,1759077330,1754642721,1759077330
795,42,41,1758373729,https://www.tiktok.com/@noahlopez/video/9000000000000000795,2,1,0.5,22,22,0.2682926829268293,1,1758469553,1758801548,1758469553,1758801548
796,22,27,1757011735,https://www.tiktok.com/@lucaswilson/video/9000000000000000796,9,8,0.8888888888888888,16.25,130,0.5349794238683128,8,1757184901,1759061444,1757184901,1759061444
797,20,16,1757933558,https://www.tiktok.com/@sophiajohnson/video/9000000000000000797,9,7,0.7777777777777778,8.857142857142858,62,0.4305555555555556,7,1758132308,1759163545,1758132308,1759163545
798,26,19,1757531685,https://www.tiktok.com/@noahlive7510/video/9000000000000000798,24,16,0.6666666666666666,6.3125,101,0.22149122807017543,14,1757531378,1759175934,1757531378,1759175934
799,38,25,1755860744,https://www.tiktok.com/@miamedia9085/video/9000000000000000799,35,26,0.7428571428571429,17.846153846153847,464,0.5302857142857142,18,1755827278,1759115823,1755827278,1759115823
800,20,20,1755106131,https://www.tiktok.com/@sophiajohnson/video/9000000000000000800,28,19,0.6785714285714286,13.947368421052632,265,0.4732142857142857,18,1755085267,1759079130,1755085267,1759079130
801,29,17,1755471883,https://www.tiktok.com/@sophialee/video/9000000000000000801,35,26,0.7428571428571429,9.884615384615385,257,0.43193277310924366,25,1755403188,1759151795,1755403188,1759151795
802,52,31,1757936952,https://www.tiktok.com/@miatv693/video/9000000000000000802,5,3,0.6,11.333333333333334,34,0.2193548387096774,3,1758251723,1758790921,1758251723,1758790921
803,53,30,1757444839,https://www.tiktok.com/@charlotteyoung/video/9000000000000000803,10,7,0.7,17.428571428571427,122,0.4066666666666666,7,1757553813,1759182929,1757553813,1759182929
804,8,34,1757851478,https://www.tiktok.com/@miastudio6290/video/9000000000000000804,10,5,0.5,16.6,83,0.24411764705882355,5,1757834699,1759116320,1757834699,1759116320
805,6,22,1755925879,https://www.tiktok.com/@avagarcia/video/9000000000000000805,24,14,0.5833333333333334,10.357142857142858,145,0.2746212121212121,11,1756092111,1759166625,1756092111,1759166625
806,38,29,1758806546,https://www.tiktok.com/@miamedia9085/video/9000000000000000806,1,0,0,NA,0,0,0,1758795973,1758795973,1758795973,1758795973
807,51,44,1755987660,https://www.tiktok.com/@miadavis/video/9000000000000000807,27,25,0.9259259259259259,16.92,423,0.356060606060606,20,1756012763,1759092079,1756012763,1759092079
808,60,37,1756359315,https://www.tiktok.com/@ethanallen/video/9000000000000000808,15,10,0.6666666666666666,17.1,171,0.3081081081081081,10,1756349362,1758947193,1756349362,1758947193
809,55,43,1754255475,https://www.tiktok.com/@sophiafit8328/video/9000000000000000809,75,50,0.6666666666666666,27.04,1352,0.4192248062015504,40,1754190132,1758727608,1754190132,1758727608
810,11,14,1754654870,https://www.tiktok.com/@masonfit2333/video/9000000000000000810,50,36,0.72,5.805555555555555,209,0.2985714285714286,26,1754624361,1758743131,1754624361,1758743131
811,16,42,1757703224,https://www.tiktok.com/@emmamartin/video/9000000000000000811,19,11,0.5789473684210527,18,198,0.2481203007518797,11,1757702714,1759118397,1757702714,1759118397
812,59,15,1754215308,https://www.tiktok.com/@elijahtaylor/video/9000000000000000812,91,57,0.6263736263736264,7.333333333333333,418,0.30622710622710625,44,1754188318,1758728356,1754188318,1758728356
813,19,11,1756380451,https://www.tiktok.com/@elijahtv1416/video/9000000000000000813,12,5,0.4166666666666667,6.4,32,0.24242424242424243,4,1756389075,1758800821,1756389075,1758800821
814,16,49,1754538652,https://www.tiktok.com/@emmamartin/video/9000000000000000814,53,37,0.6981132075471698,27.91891891891892,1033,0.39776665383134385,32,1754548881,1759045207,1754548881,1759045207
815,52,27,1756468819,https://www.tiktok.com/@miatv693/video/9000000000000000815,36,30,0.8333333333333334,14.666666666666666,440,0.4526748971193416,25,1756480569,1759137902,1756480569,1759137902
816,26,19,1754521473,https://www.tiktok.com/@noahlive7510/video/9000000000000000816,54,38,0.7037037037037037,9.394736842105264,357,0.347953216374269,34,1754507880,1758939496,1754507880,1758939496
817,17,33,1758405977,https://www.tiktok.com/@evelyngarcia/video/9000000000000000817,1,1,1,12,12,0.36363636363636365,1,1758491304,1758491304,1758491304,1758491304
818,9,26,1756029220,https://www.tiktok.com/@noahjohnson/video/9000000000000000818,22,15,0.6818181818181818,17.733333333333334,266,0.465034965034965,15,1756047148,1758809652,1756047148,1758809652
819,22,34,1755611444,https://www.tiktok.com/@lucaswilson/video/9000000000000000819,35,23,0.6571428571428571,15.478260869565217,356,0.2991596638655462,22,1755590621,1759176767,1755590621,1759176767
820,14,24,1756264950,https://www.tiktok.com/@ameliataylor/video/9000000000000000820,28,21,0.75,8.904761904761905,187,0.27827380952380953,15,1756341532,1759130444,1756341532,1759130444
821,59,32,1754217606,https://www.tiktok.com/@elijahtaylor/video/9000000000000000821,54,46,0.8518518518518519,19.804347826086957,911,0.5271990740740741,35,1754190335,1758905225,1754190335,1758905225
822,36,27,1754363283,https://www.tiktok.com/@henrythomas/video/9000000000000000822,58,44,0.7586206896551724,13.681818181818182,602,0.3844189016602809,32,1754291584,1759008590,1754291584,1759008590
823,43,29,1758748397,https://www.tiktok.com/@jameswalker/video/9000000000000000823,1,1,1,29,29,1,1,1759082609,1759082609,1759082609,1759082609
824,23,30,1755453166,https://www.tiktok.com/@jameshub7877/video/9000000000000000824,41,23,0.5609756097560976,15.434782608695652,355,0.2886178861788618,21,1755392365,1759168331,1755392365,1759168331
825,57,27,1756020093,https://www.tiktok.com/@harpertaylor/video/9000000000000000825,33,28,0.8484848484848485,15.535714285714286,435,0.4882154882154882,25,1755994289,1759171253,1755994289,1759171253
826,20,35,1758979473,https://www.tiktok.com/@sophiajohnson/video/9000000000000000826,2,2,1,5,10,0.14285714285714285,2,1759052644,1759159744,1759052644,1759159744
827,27,45,1755190586,https://www.tiktok.com/@sophiasmith/video/9000000000000000827,29,21,0.7241379310344828,27.61904761904762,580,0.4444444444444445,21,1755187969,1759162529,1755187969,1759162529
828,60,25,1755914460,https://www.tiktok.com/@ethanallen/video/9000000000000000828,24,14,0.5833333333333334,12.142857142857142,170,0.2833333333333333,14,1755934550,1758945310,1755934550,1758945310
829,27,17,1757489815,https://www.tiktok.com/@sophiasmith/video/9000000000000000829,9,7,0.7777777777777778,12.142857142857142,85,0.5555555555555556,7,1757694127,1759138779,1757694127,1759138779
830,5,38,1755250240,https://www.tiktok.com/@evelyndaily3219/video/9000000000000000830,39,24,0.6153846153846154,22.583333333333332,542,0.3657219973009447,18,1755227384,1759151170,1755227384,1759151170
831,59,36,1757817936,https://www.tiktok.com/@elijahtaylor/video/9000000000000000831,7,4,0.5714285714285714,15.25,61,0.24206349206349206,4,1757997775,1759159677,1757997775,1759159677
832,25,27,1758923492,https://www.tiktok.com/@evelyndaily8703/video/9000000000000000832,6,2,0.3333333333333333,15,30,0.1851851851851852,2,1758870684,1759163946,1758870684,1759163946
833,42,29,1757410967,https://www.tiktok.com/@noahlopez/video/9000000000000000833,10,9,0.9,16.77777777777778,151,0.5206896551724138,9,1757378423,1759092056,1757378423,1759092056
834,10,31,1757899372,https://www.tiktok.com/@harperdavis/video/9000000000000000834,5,3,0.6,7.666666666666667,23,0.14838709677419354,3,1757993911,1758963928,1757993911,1758963928
835,47,43,1756764638,https://www.tiktok.com/@avawalker_1/video/9000000000000000835,12,11,0.9166666666666666,20.636363636363637,227,0.439922480620155,10,1756831637,1758673504,1756831637,1758673504
836,35,23,1755651449,https://www.tiktok.com/@evelyntv920/video/9000000000000000836,26,12,0.46153846153846156,11.583333333333334,139,0.23244147157190637,10,1755650675,1758674825,1755650675,1758674825
837,43,39,1755370096,https://www.tiktok.com/@jameswalker/video/9000000000000000837,32,22,0.6875,23.727272727272727,522,0.4182692307692308,19,1755303036,1758853353,1755303036,1758853353
838,34,30,1755191726,https://www.tiktok.com/@masonwilson/video/9000000000000000838,36,18,0.5,18.333333333333332,330,0.3055555555555556,18,1755142951,1759168135,1755142951,1759168135
839,45,39,1756880885,https://www.tiktok.com/@lucasmartin/video/9000000000000000839,16,9,0.5625,21.88888888888889,197,0.3157051282051282,9,1756932227,1759048094,1756932227,1759048094
840,20,33,1757984001,https://www.tiktok.com/@sophiajohnson/video/9000000000000000840,4,2,0.5,20,40,0.30303030303030304,2,1758083509,1758696216,1758083509,1758696216
841,27,37,1754774249,https://www.tiktok.com/@sophiasmith/video/9000000000000000841,70,34,0.4857142857142857,21.823529411764707,742,0.28648648648648645,30,1754718028,1759147835,1754718028,1759147835
842,20,30,1758528763,https://www.tiktok.com/@sophiajohnson/video/9000000000000000842,3,2,0.6666666666666666,30,60,0.6666666666666666,2,1758517388,1759161983,1758517388,1759161983
843,53,25,1754016785,https://www.tiktok.com/@charlotteyoung/video/9000000000000000843,86,60,0.6976744186046512,15.733333333333333,944,0.43906976744186044,44,1754012059,1758801552,1754012059,1758801552
844,43,40,1756028649,https://www.tiktok.com/@jameswalker/video/9000000000000000844,16,12,0.75,21.75,261,0.4078125,12,1756060296,1759022640,1756060296,1759022640
845,45,25,1755876810,https://www.tiktok.com/@lucasmartin/video/9000000000000000845,22,19,0.8636363636363636,14.894736842105264,283,0.5145454545454545,18,1755908687,1759028175,1755908687,1759028175
846,25,41,1759017540,https://www.tiktok.com/@evelyndaily8703/video/9000000000000000846,0,0,NA,NA,0,NA,0,NA,NA,NA,NA
847,27,23,1754598402,https://www.tiktok.com/@sophiasmith/video/9000000000000000847,49,32,0.6530612244897959,11.5625,370,0.32830523513753324,25,1754552712,1758948676,1754552712,1758948676
848,23,25,1755570466,https://www.tiktok.com/@jameshub7877/video/9000000000000000848,31,20,0.6451612903225806,13.75,275,0.3548387096774194,20,1755596501,1759155399,1755596501,1759155399
849,40,29,1757279810,https://www.tiktok.com/@ameliataylor_1/video/9000000000000000849,11,8,0.7272727272727273,21.375,171,0.5360501567398118,8,1757305124,1759042891,1757305124,1759042891
850,26,22,1754361176,https://www.tiktok.com/@noahlive7510/video/9000000000000000850,73,39,0.5342465753424658,11.35897435897436,443,0.27584059775840597,28,1754364819,1759119287,1754364819,1759119287
851,59,26,1755735315,https://www.tiktok.com/@elijahtaylor/video/9000000000000000851,22,14,0.6363636363636364,13.5,189,0.3304195804195804,13,1755824139,1758893563,1755824139,1758893563
852,45,39,1757541037,https://www.tiktok.com/@lucasmartin/video/9000000000000000852,17,15,0.8823529411764706,25.533333333333335,383,0.5776772247360483,15,1754836826,1759153152,1754836826,1759153152
853,39,31,1755522494,https://www.tiktok.com/@avatv5794/video/9000000000000000853,34,27,0.7941176470588235,15.444444444444445,417,0.3956356736242884,21,1755501511,1758995318,1755501511,1758995318
854,38,29,1756401022,https://www.tiktok.com/@miamedia9085/video/9000000000000000854,17,11,0.6470588235294118,19.636363636363637,216,0.4381338742393509,10,1756346791,1759049455,1756346791,1759049455
855,21,18,1756642407,https://www.tiktok.com/@jamesmiller/video/9000000000000000855,26,17,0.6538461538461539,10.411764705882353,177,0.37820512820512825,16,1756623969,1759094361,1756623969,1759094361
856,36,57,1758540261,https://www.tiktok.com/@henrythomas/video/9000000000000000856,2,1,0.5,32,32,0.2807017543859649,1,1758882173,1759176106,1758882173,1759176106
857,30,44,1754349655,https://www.tiktok.com/@avawalker/video/9000000000000000857,55,43,0.7818181818181819,27.697674418604652,1191,0.4921487603305785,34,1754265980,1759176033,1754265980,1759176033
858,9,14,1758113608,https://www.tiktok.com/@noahjohnson/video/9000000000000000858,4,3,0.75,6.666666666666667,20,0.35714285714285715,3,1758277873,1758977207,1758277873,1758977207
859,38,27,1754442490,https://www.tiktok.com/@miamedia9085/video/9000000000000000859,42,32,0.7619047619047619,17.6875,566,0.4991181657848324,25,1754440896,1758975270,1754440896,1758975270
860,40,37,1758508721,https://www.tiktok.com/@ameliataylor_1/video/9000000000000000860,3,3,1,21.333333333333332,64,0.5765765765765766,2,1758863553,1758934535,1758863553,1758934535
861,45,19,1755924951,https://www.tiktok.com/@lucasmartin/video/9000000000000000861,46,30,0.6521739130434783,12,360,0.4118993135011441,26,1755949081,1759022770,1755949081,1759022770
862,31,27,1756371962,https://www.tiktok.com/@lucasjackson/video/9000000000000000862,16,10,0.625,17.3,173,0.40046296296296297,10,1756360903,1759162440,1756360903,1759162440
863,17,20,1755346610,https://www.tiktok.com/@evelyngarcia/video/9000000000000000863,29,17,0.5862068965517241,12.411764705882353,211,0.36379310344827587,12,1755519601,1758850384,1755519601,1758850384
864,22,40,1756469729,https://www.tiktok.com/@lucaswilson/video/9000000000000000864,17,14,0.8235294117647058,17,238,0.35000000000000003,13,1756719104,1759126834,1756719104,1759126834
865,3,32,1758897744,https://www.tiktok.com/@charlotteanderson/video/9000000000000000865,1,0,0,NA,0,0,0,1759148962,1759148962,1759148962,1759148962
866,26,30,1757193567,https://www.tiktok.com/@noahlive7510/video/9000000000000000866,17,13,0.7647058823529411,17.615384615384617,229,0.4490196078431372,10,1757225890,1758882110,1757225890,1758882110
867,59,32,1754320197,https://www.tiktok.com/@elijahtaylor/video/9000000000000000867,48,31,0.6458333333333334,21.129032258064516,655,0.4264322916666667,28,1754301829,1759000017,1754301829,1759000017
868,43,26,1754489068,https://www.tiktok.com/@jameswalker/video/9000000000000000868,64,51,0.796875,17.235294117647058,879,0.5282451923076923,40,1754446947,1758791970,1754446947,1758791970
869,20,33,1754873120,https://www.tiktok.com/@sophiajohnson/video/9000000000000000869,34,24,0.7058823529411765,19.541666666666668,469,0.4180035650623886,20,1755086292,1758994315,1755086292,1758994315
870,16,10,1758475924,https://www.tiktok.com/@emmamartin/video/9000000000000000870,1,1,1,2,2,0.2,1,1759057461,1759057461,1759057461,1759057461
871,59,26,1755823081,https://www.tiktok.com/@elijahtaylor/video/9000000000000000871,32,21,0.65625,12.666666666666666,266,0.31971153846153844,18,1756004613,1758939468,1756004613,1758939468
872,40,31,1755441022,https://www.tiktok.com/@ameliataylor_1/video/9000000000000000872,23,16,0.6956521739130435,14.75,236,0.33099579242636745,16,1755723585,1759062129,1755723585,1759062129
873,59,24,1754937782,https://www.tiktok.com/@elijahtaylor/video/9000000000000000873,30,19,0.6333333333333333,15.526315789473685,295,0.4097222222222222,18,1754872057,1759002612,1754872057,1759002612
874,34,29,1758482062,https://www.tiktok.com/@masonwilson/video/9000000000000000874,2,1,0.5,8,8,0.13793103448275862,1,1758732409,1759073835,1758732409,1759073835
875,21,33,1756832992,https://www.tiktok.com/@jamesmiller/video/9000000000000000875,18,13,0.7222222222222222,17.846153846153847,232,0.39057239057239057,12,1756827726,1759115783,1756827726,1759115783
876,48,33,1757573534,https://www.tiktok.com/@isabellahub287/video/9000000000000000876,13,8,0.6153846153846154,19,152,0.35431235431235436,8,1757595494,1759181743,1757595494,1759181743
877,16,15,1759060331,https://www.tiktok.com/@emmamartin/video/9000000000000000877,1,1,1,3,3,0.2,1,1759175409,1759175409,1759175409,1759175409
878,49,24,1755229939,https://www.tiktok.com/@sophiaofficial3334/video/9000000000000000878,42,31,0.7380952380952381,10.903225806451612,338,0.33531746031746035,28,1755219610,1758632955,1755219610,1758632955
879,57,30,1757076534,https://www.tiktok.com/@harpertaylor/video/9000000000000000879,12,5,0.4166666666666667,17.4,87,0.24166666666666667,5,1757250572,1758853398,1757250572,1758853398
880,40,25,1758713774,https://www.tiktok.com/@ameliataylor_1/video/9000000000000000880,3,3,1,6.333333333333333,19,0.25333333333333335,3,1758794292,1759123481,1758794292,1759123481
881,43,40,1758686943,https://www.tiktok.com/@jameswalker/video/9000000000000000881,5,2,0.4,9.5,19,0.095,2,1758825143,1759173739,1758825143,1759173739
882,42,21,1758215663,https://www.tiktok.com/@noahlopez/video/9000000000000000882,6,4,0.6666666666666666,12.25,49,0.3888888888888889,4,1758277814,1759167833,1758277814,1759167833
883,24,34,1757269766,https://www.tiktok.com/@evelynjackson/video/9000000000000000883,15,12,0.8,20.416666666666668,245,0.4803921568627451,11,1757235464,1759053821,1757235464,1759053821
884,53,27,1757527311,https://www.tiktok.com/@charlotteyoung/video/9000000000000000884,17,13,0.7647058823529411,14.615384615384615,190,0.4139433551198257,13,1757768399,1759026533,1757768399,1759026533
885,25,26,1757465899,https://www.tiktok.com/@evelyndaily8703/video/9000000000000000885,11,7,0.6363636363636364,15.142857142857142,106,0.3706293706293706,6,1754579049,1759183057,1754579049,1759183057
886,43,20,1755565052,https://www.tiktok.com/@jameswalker/video/9000000000000000886,15,8,0.5333333333333333,11.5,92,0.30666666666666664,7,1755568606,1759141840,1755568606,1759141840
887,40,42,1756942868,https://www.tiktok.com/@ameliataylor_1/video/9000000000000000887,14,10,0.7142857142857143,26.5,265,0.45068027210884354,10,1756911711,1758479944,1756911711,1758479944
888,50,32,1758087791,https://www.tiktok.com/@ethanstudio8286/video/9000000000000000888,12,8,0.6666666666666666,22.375,179,0.4661458333333333,8,1758090172,1759096932,1758090172,1759096932
889,44,35,1758019844,https://www.tiktok.com/@jamessmith/video/9000000000000000889,7,6,0.8571428571428571,23.833333333333332,143,0.5836734693877551,6,1757986759,1758960181,1757986759,1758960181
890,55,22,1757237985,https://www.tiktok.com/@sophiafit8328/video/9000000000000000890,12,11,0.9166666666666666,11.454545454545455,126,0.4772727272727273,11,1757245137,1759150385,1757245137,1759150385
891,53,22,1757148912,https://www.tiktok.com/@charlotteyoung/video/9000000000000000891,16,11,0.6875,9.454545454545455,104,0.29545454545454547,9,1757209725,1758722642,1757209725,1758722642
892,47,32,1759030021,https://www.tiktok.com/@avawalker_1/video/9000000000000000892,1,0,0,NA,0,0,0,1759031387,1759031387,1759031387,1759031387
893,40,41,1754065973,https://www.tiktok.com/@ameliataylor_1/video/9000000000000000893,92,66,0.717391304347826,26.454545454545453,1746,0.4628844114528102,48,1754024172,1758968008,1754024172,1758968008
894,50,39,1756628230,https://www.tiktok.com/@ethanstudio8286/video/9000000000000000894,11,4,0.36363636363636365,24.75,99,0.23076923076923075,3,1756702510,1758706753,1756702510,1758706753
895,19,33,1755212061,https://www.tiktok.com/@elijahtv1416/video/9000000000000000895,35,26,0.7428571428571429,16.884615384615383,439,0.3800865800865801,22,1755145908,1758812089,1755145908,1758812089
896,8,38,1755404948,https://www.tiktok.com/@miastudio6290/video/9000000000000000896,37,22,0.5945945945945946,22.863636363636363,503,0.35775248933143666,20,1755394491,1759045213,1755394491,1759045213
897,41,19,1757079713,https://www.tiktok.com/@noahjohnson_1/video/9000000000000000897,12,5,0.4166666666666667,10.8,54,0.23684210526315788,5,1757117341,1759045420,1757117341,1759045420
898,23,17,1754543226,https://www.tiktok.com/@jameshub7877/video/9000000000000000898,80,49,0.6125,9.183673469387756,450,0.3308823529411765,40,1754529800,1759179987,1754529800,1759179987
899,54,31,1757223817,https://www.tiktok.com/@noahclark/video/9000000000000000899,8,8,1,15.125,121,0.4879032258064516,8,1757571171,1759138815,1757571171,1759138815
900,42,23,1757168995,https://www.tiktok.com/@noahlopez/video/9000000000000000900,10,8,0.8,13,104,0.4521739130434782,8,1757258644,1759147864,1757258644,1759147864
901,45,38,1758735815,https://www.tiktok.com/@lucasmartin/video/9000000000000000901,4,4,1,26.5,106,0.6973684210526315,4,1758877454,1759154006,1758877454,1759154006
902,43,23,1758336099,https://www.tiktok.com/@jameswalker/video/9000000000000000902,4,4,1,21,84,0.9130434782608696,4,1758484418,1759091985,1758484418,1759091985
903,14,11,1758832373,https://www.tiktok.com/@ameliataylor/video/9000000000000000903,2,0,0,NA,0,0,0,1758810704,1759083702,1758810704,1759083702
904,9,27,1756546890,https://www.tiktok.com/@noahjohnson/video/9000000000000000904,27,19,0.7037037037037037,16.63157894736842,316,0.43347050754458166,15,1756537580,1758859926,1756537580,1758859926
905,8,29,1758699713,https://www.tiktok.com/@miastudio6290/video/9000000000000000905,4,2,0.5,20.5,41,0.35344827586206895,2,1758885374,1759163202,1758885374,1759163202
906,6,32,1754628735,https://www.tiktok.com/@avagarcia/video/9000000000000000906,74,58,0.7837837837837838,17.620689655172413,1022,0.43158783783783783,47,1754633076,1758933191,1754633076,1758933191
907,3,31,1756382271,https://www.tiktok.com/@charlotteanderson/video/9000000000000000907,31,17,0.5483870967741935,15.588235294117647,265,0.2757544224765869,15,1756416594,1759162017,1756416594,1759162017
908,48,49,1755934863,https://www.tiktok.com/@isabellahub287/video/9000000000000000908,20,12,0.6,20.416666666666668,245,0.25,11,1755967262,1758987173,1755967262,1758987173
909,60,24,1755403694,https://www.tiktok.com/@ethanallen/video/9000000000000000909,46,31,0.6739130434782609,12.806451612903226,397,0.35960144927536236,28,1755398509,1759147320,1755398509,1759147320
910,3,34,1755752447,https://www.tiktok.com/@charlotteanderson/video/9000000000000000910,23,10,0.43478260869565216,19.9,199,0.2544757033248082,10,1755734935,1759151346,1755734935,1759151346
911,27,32,1754602551,https://www.tiktok.com/@sophiasmith/video/9000000000000000911,44,33,0.75,17.90909090909091,591,0.4197443181818182,27,1754526733,1758730438,1754526733,1758730438
912,28,25,1755373343,https://www.tiktok.com/@avalopez/video/9000000000000000912,25,16,0.64,16.8125,269,0.4304,14,1755585198,1758808347,1755585198,1758808347
913,20,22,1754342732,https://www.tiktok.com/@sophiajohnson/video/9000000000000000913,67,44,0.6567164179104478,14.272727272727273,628,0.4260515603799186,33,1754291587,1758622133,1754291587,1758622133
914,6,41,1757735204,https://www.tiktok.com/@avagarcia/video/9000000000000000914,10,9,0.9,23.77777777777778,214,0.5219512195121951,8,1758059245,1758948156,1758059245,1758948156
915,3,38,1754408128,https://www.tiktok.com/@charlotteanderson/video/9000000000000000915,55,38,0.6909090909090909,20.105263157894736,764,0.36555023923444974,30,1754361084,1759161070,1754361084,1759161070
916,15,44,1754103572,https://www.tiktok.com/@emmawilson/video/9000000000000000916,63,36,0.5714285714285714,25.22222222222222,908,0.32756132756132755,27,1754096103,1759030106,1754096103,1759030106
917,45,38,1759126124,https://www.tiktok.com/@lucasmartin/video/9000000000000000917,0,0,NA,NA,0,NA,0,NA,NA,NA,NA
918,50,31,1758458655,https://www.tiktok.com/@ethanstudio8286/video/9000000000000000918,3,1,0.3333333333333333,5,5,0.053763440860215055,1,1758673232,1758796079,1758673232,1758796079
919,29,18,1756421986,https://www.tiktok.com/@sophialee/video/9000000000000000919,20,15,0.75,12,180,0.5,15,1756345971,1758990745,1756345971,1758990745
920,34,28,1754203151,https://www.tiktok.com/@masonwilson/video/9000000000000000920,78,54,0.6923076923076923,15.962962962962964,862,0.3946886446886447,39,1754180871,1758746868,1754180871,1758746868
921,6,32,1757267808,https://www.tiktok.com/@avagarcia/video/9000000000000000921,16,9,0.5625,17.444444444444443,157,0.306640625,9,1757223771,1759045089,1757223771,1759045089
922,16,34,1756270361,https://www.tiktok.com/@emmamartin/video/9000000000000000922,25,16,0.64,21,336,0.39529411764705885,15,1756283429,1759121025,1756283429,1759121025
923,31,31,1754503419,https://www.tiktok.com/@lucasjackson/video/9000000000000000923,34,25,0.7352941176470589,17.36,434,0.4117647058823529,24,1754451514,1759153351,1754451514,1759153351
924,27,40,1756739742,https://www.tiktok.com/@sophiasmith/video/9000000000000000924,8,8,1,23.75,190,0.59375,8,1756686175,1758558496,1756686175,1758558496
925,9,34,1757417693,https://www.tiktok.com/@noahjohnson/video/9000000000000000925,8,5,0.625,9.8,49,0.1801470588235294,5,1757550714,1758948683,1757550714,1758948683
926,3,22,1757120492,https://www.tiktok.com/@charlotteanderson/video/9000000000000000926,13,13,1,10.461538461538462,136,0.4755244755244755,13,1757123334,1759091439,1757123334,1759091439
927,8,44,1756042375,https://www.tiktok.com/@miastudio6290/video/9000000000000000927,9,6,0.6666666666666666,25.833333333333332,155,0.3914141414141414,6,1756218336,1758758769,1756218336,1758758769
928,31,37,1755150052,https://www.tiktok.com/@lucasjackson/video/9000000000000000928,24,15,0.625,20.133333333333333,302,0.34009009009009006,14,1755255610,1758912168,1755255610,1758912168
929,34,42,1758926633,https://www.tiktok.com/@masonwilson/video/9000000000000000929,4,3,0.75,9.333333333333334,28,0.16666666666666666,3,1758877536,1759140282,1758877536,1759140282
930,16,26,1755968264,https://www.tiktok.com/@emmamartin/video/9000000000000000930,26,19,0.7307692307692307,19.36842105263158,368,0.5443786982248521,18,1756103139,1759049241,1756103139,1759049241
931,3,37,1756668011,https://www.tiktok.com/@charlotteanderson/video/9000000000000000931,14,8,0.5714285714285714,24.125,193,0.3725868725868726,7,1756633541,1759162020,1756633541,1759162020
932,26,41,1757621344,https://www.tiktok.com/@noahlive7510/video/9000000000000000932,11,10,0.9090909090909091,16,160,0.3547671840354767,10,1757577952,1759127858,1757577952,1759127858
933,48,10,1756209986,https://www.tiktok.com/@isabellahub287/video/9000000000000000933,35,23,0.6571428571428571,4.869565217391305,112,0.32,20,1756166801,1758912200,1756166801,1758912200
934,27,21,1755617063,https://www.tiktok.com/@sophiasmith/video/9000000000000000934,17,13,0.7647058823529411,14.846153846153847,193,0.5406162464985994,12,1755622150,1759176006,1755622150,1759176006
935,30,36,1755530307,https://www.tiktok.com/@avawalker/video/9000000000000000935,28,22,0.7857142857142857,22,484,0.4801587301587302,21,1755612480,1758911224,1755612480,1758911224
936,26,11,1757250652,https://www.tiktok.com/@noahlive7510/video/9000000000000000936,10,7,0.7,3.7142857142857144,26,0.2363636363636364,7,1757423749,1758768146,1757423749,1758768146
937,35,21,1757445834,https://www.tiktok.com/@evelyntv920/video/9000000000000000937,9,7,0.7777777777777778,12.142857142857142,85,0.4497354497354497,6,1757724401,1759138827,1757724401,1759138827
938,42,33,1759176996,https://www.tiktok.com/@noahlopez/video/9000000000000000938,2,2,1,20.5,41,0.6212121212121212,2,1759151309,1759155439,1759151309,1759155439
939,42,32,1756344853,https://www.tiktok.com/@noahlopez/video/9000000000000000939,13,11,0.8461538461538461,14.818181818181818,163,0.3918269230769231,11,1756384786,1758661267,1756384786,1758661267
940,24,31,1759095559,https://www.tiktok.com/@evelynjackson/video/9000000000000000940,1,0,0,NA,0,0,0,1759115796,1759115796,1759115796,1759115796
941,45,31,1754673959,https://www.tiktok.com/@lucasmartin/video/9000000000000000941,33,24,0.7272727272727273,15.958333333333334,383,0.37438905180840665,20,1754672715,1759162575,1754672715,1759162575
942,22,19,1756176444,https://www.tiktok.com/@lucaswilson/video/9000000000000000942,16,14,0.875,6.785714285714286,95,0.3125,14,1756166741,1759039083,1756166741,1759039083
943,43,29,1756129936,https://www.tiktok.com/@jameswalker/video/9000000000000000943,19,13,0.6842105263157895,17.53846153846154,228,0.41379310344827586,12,1756129257,1759079224,1756129257,1759079224
944,26,25,1759045409,https://www.tiktok.com/@noahlive7510/video/9000000000000000944,1,1,1,4,4,0.16,1,1759147889,1759147889,1759147889,1759147889
945,59,29,1758426476,https://www.tiktok.com/@elijahtaylor/video/9000000000000000945,6,3,0.5,14.666666666666666,44,0.2528735632183908,3,1758454041,1759118044,1758454041,1759118044
946,24,50,1754259577,https://www.tiktok.com/@evelynjackson/video/9000000000000000946,61,46,0.7540983606557377,27.5,1265,0.41475409836065574,30,1754202069,1759162436,1754202069,1759162436
947,50,48,1754205572,https://www.tiktok.com/@ethanstudio8286/video/9000000000000000947,92,64,0.6956521739130435,26.9375,1724,0.39039855072463764,49,1754185508,1759061442,1754185508,1759061442
948,19,34,1755289785,https://www.tiktok.com/@elijahtv1416/video/9000000000000000948,33,19,0.5757575757575758,14.421052631578947,274,0.24420677361853832,17,1755264187,1758799742,1755264187,1758799742
949,51,26,1757825040,https://www.tiktok.com/@miadavis/video/9000000000000000949,5,2,0.4,26,52,0.4,2,1758101744,1759092076,1758101744,1759092076
950,26,27,1756673129,https://www.tiktok.com/@noahlive7510/video/9000000000000000950,11,9,0.8181818181818182,11.333333333333334,102,0.3434343434343434,9,1756624077,1758770141,1756624077,1758770141
951,36,36,1756701156,https://www.tiktok.com/@henrythomas/video/9000000000000000951,16,12,0.75,19.583333333333332,235,0.4079861111111111,10,1756901430,1759022659,1756901430,1759022659
952,45,51,1756672919,https://www.tiktok.com/@lucasmartin/video/9000000000000000952,15,11,0.7333333333333333,26.545454545454547,292,0.3816993464052288,11,1756647988,1758677403,1756647988,1758677403
953,45,44,1754947914,https://www.tiktok.com/@lucasmartin/video/9000000000000000953,33,22,0.6666666666666666,28.772727272727273,633,0.4359504132231405,17,1754894240,1758636113,1754894240,1758636113
954,31,31,1756071882,https://www.tiktok.com/@lucasjackson/video/9000000000000000954,24,18,0.75,23.77777777777778,428,0.5752688172043011,16,1756089910,1758673574,1756089910,1758673574
955,54,40,1754338888,https://www.tiktok.com/@noahclark/video/9000000000000000955,52,34,0.6538461538461539,24.11764705882353,820,0.3942307692307692,27,1754277846,1759118340,1754277846,1759118340
956,52,31,1755275485,https://www.tiktok.com/@miatv693/video/9000000000000000956,32,22,0.6875,23,506,0.5100806451612904,18,1755248354,1758591877,1755248354,1758591877
957,37,29,1756072266,https://www.tiktok.com/@charlottegarcia/video/9000000000000000957,13,12,0.9230769230769231,16.583333333333332,199,0.5278514588859416,12,1756085193,1758624677,1756085193,1758624677
958,30,33,1754480693,https://www.tiktok.com/@avawalker/video/9000000000000000958,45,37,0.8222222222222222,19.81081081081081,733,0.4936026936026936,31,1754345297,1758995258,1754345297,1758995258
959,20,17,1756351989,https://www.tiktok.com/@sophiajohnson/video/9000000000000000959,18,14,0.7777777777777778,7.642857142857143,107,0.34967320261437906,13,1756451698,1759168223,1756451698,1759168223
960,54,16,1756406498,https://www.tiktok.com/@noahclark/video/9000000000000000960,26,18,0.6923076923076923,8.444444444444445,152,0.36538461538461536,15,1754045253,1758924159,1754045253,1758924159
961,34,14,1758988967,https://www.tiktok.com/@masonwilson/video/9000000000000000961,0,0,NA,NA,0,NA,0,NA,NA,NA,NA
962,42,16,1758022334,https://www.tiktok.com/@noahlopez/video/9000000000000000962,2,1,0.5,7,7,0.21875,1,1758257129,1758312694,1758257129,1758312694
963,16,34,1755087703,https://www.tiktok.com/@emmamartin/video/9000000000000000963,29,15,0.5172413793103449,24.666666666666668,370,0.3752535496957404,13,1755070192,1758736257,1755070192,1758736257
964,47,36,1754338470,https://www.tiktok.com/@avawalker_1/video/9000000000000000964,87,54,0.6206896551724138,16.87037037037037,911,0.29086845466155814,44,1754281269,1759142137,1754281269,1759142137
965,60,27,1754734717,https://www.tiktok.com/@ethanallen/video/9000000000000000965,42,34,0.8095238095238095,13.529411764705882,460,0.40564373897707234,28,1754701308,1758736376,1754701308,1758736376
966,43,24,1754300768,https://www.tiktok.com/@jameswalker/video/9000000000000000966,50,31,0.62,11.35483870967742,352,0.29333333333333333,26,1754269770,1758957771,1754269770,1758957771
967,57,27,1758682122,https://www.tiktok.com/@harpertaylor/video/9000000000000000967,2,2,1,22.5,45,0.8333333333333333,2,1759105169,1759130534,1759105169,1759130534
968,25,39,1758952081,https://www.tiktok.com/@evelyndaily8703/video/9000000000000000968,0,0,NA,NA,0,NA,0,NA,NA,NA,NA
969,2,13,1755939043,https://www.tiktok.com/@isabelladaily931/video/9000000000000000969,20,17,0.85,8.294117647058824,141,0.5423076923076924,16,1756025086,1759155915,1756025086,1759155915
970,23,21,1758030791,https://www.tiktok.com/@jameshub7877/video/9000000000000000970,4,4,1,12.75,51,0.6071428571428571,4,1758454906,1759175456,1758454906,1759175456
971,49,18,1759055385,https://www.tiktok.com/@sophiaofficial3334/video/9000000000000000971,1,1,1,18,18,1,1,1759161962,1759161962,1759161962,1759161962
972,23,22,1758991246,https://www.tiktok.com/@jameshub7877/video/9000000000000000972,1,0,0,NA,0,0,0,1759034420,1759034420,1759034420,1759034420
973,52,35,1756464515,https://www.tiktok.com/@miatv693/video/9000000000000000973,18,11,0.6111111111111112,16.363636363636363,180,0.28571428571428575,9,1756552983,1759044078,1756552983,1759044078
974,21,26,1757776370,https://www.tiktok.com/@jamesmiller/video/9000000000000000974,7,6,0.8571428571428571,13.833333333333334,83,0.4560439560439561,5,1757773924,1759140267,1757773924,1759140267
975,2,19,1755779386,https://www.tiktok.com/@isabelladaily931/video/9000000000000000975,22,12,0.5454545454545454,12.083333333333334,145,0.3468899521531101,11,1755763546,1759130564,1755763546,1759130564
976,50,51,1754628941,https://www.tiktok.com/@ethanstudio8286/video/9000000000000000976,46,34,0.7391304347826086,27.941176470588236,950,0.40494458653026433,28,1754623121,1759166589,1754623121,1759166589
977,7,10,1758873226,https://www.tiktok.com/@emmalee/video/9000000000000000977,3,1,0.3333333333333333,2,2,0.06666666666666667,1,1758969178,1759162075,1758969178,1759162075
978,39,48,1754619628,https://www.tiktok.com/@avatv5794/video/9000000000000000978,33,25,0.7575757575757576,26.12,653,0.41224747474747475,24,1754650235,1758924299,1754650235,1758924299
979,17,45,1758274191,https://www.tiktok.com/@evelyngarcia/video/9000000000000000979,16,10,0.625,27.4,274,0.38055555555555554,7,1758276885,1759176059,1758276885,1759176059
980,40,27,1756339374,https://www.tiktok.com/@ameliataylor_1/video/9000000000000000980,19,13,0.6842105263157895,14,182,0.35477582846003897,13,1756456657,1759154877,1756456657,1759154877
981,27,20,1758221457,https://www.tiktok.com/@sophiasmith/video/9000000000000000981,6,2,0.3333333333333333,5.5,11,0.09166666666666667,2,1758429788,1758910939,1758429788,1758910939
982,2,18,1755647544,https://www.tiktok.com/@isabelladaily931/video/9000000000000000982,25,20,0.8,9.75,195,0.43333333333333335,18,1755596649,1758732319,1755596649,1758732319
983,27,18,1755387479,https://www.tiktok.com/@sophiasmith/video/9000000000000000983,40,21,0.525,9.761904761904763,205,0.2847222222222222,20,1755342338,1758847784,1755342338,1758847784
984,49,24,1755211910,https://www.tiktok.com/@sophiaofficial3334/video/9000000000000000984,30,21,0.7,12.142857142857142,255,0.3541666666666667,16,1755502108,1759177484,1755502108,1759177484
985,49,23,1756691693,https://www.tiktok.com/@sophiaofficial3334/video/9000000000000000985,20,14,0.7,16.571428571428573,232,0.5043478260869565,13,1756895598,1758664047,1756895598,1758664047
986,36,22,1757343356,https://www.tiktok.com/@henrythomas/video/9000000000000000986,17,12,0.7058823529411765,14.833333333333334,178,0.4759358288770054,10,1757453565,1759146867,1757453565,1759146867
987,6,10,1755509152,https://www.tiktok.com/@avagarcia/video/9000000000000000987,42,32,0.7619047619047619,5.90625,189,0.44999999999999996,25,1755482956,1759143870,1755482956,1759143870
988,60,37,1756554403,https://www.tiktok.com/@ethanallen/video/9000000000000000988,16,9,0.5625,27.444444444444443,247,0.4172297297297297,9,1756849143,1759002571,1756849143,1759002571
989,28,23,1757766146,https://www.tiktok.com/@avalopez/video/9000000000000000989,8,7,0.875,8.714285714285714,61,0.3315217391304348,7,1757800631,1758723456,1757800631,1758723456
990,37,20,1759164444,https://www.tiktok.com/@charlottegarcia/video/9000000000000000990,1,0,0,NA,0,0,0,1759166600,1759166600,1759166600,1759166600
991,28,26,1756008991,https://www.tiktok.com/@avalopez/video/9000000000000000991,16,14,0.875,15.785714285714286,221,0.53125,13,1756534055,1759086586,1756534055,1759086586
992,36,27,1756833338,https://www.tiktok.com/@henrythomas/video/9000000000000000992,22,18,0.8181818181818182,17.38888888888889,313,0.5269360269360269,18,1756779824,1759140310,1756779824,1759140310
993,12,40,1756988540,https://www.tiktok.com/@ethanstudio5228/video/9000000000000000993,14,13,0.9285714285714286,19.53846153846154,254,0.45357142857142857,12,1757022886,1759079290,1757022886,1759079290
994,5,45,1756184550,https://www.tiktok.com/@evelyndaily3219/video/9000000000000000994,18,13,0.7222222222222222,22.23076923076923,289,0.3567901234567901,12,1756213560,1759097022,1756213560,1759097022
995,23,21,1754896212,https://www.tiktok.com/@jameshub7877/video/9000000000000000995,37,28,0.7567567567567568,9.892857142857142,277,0.3564993564993565,24,1754927714,1759181702,1754927714,1759181702
996,8,19,1754658068,https://www.tiktok.com/@miastudio6290/video/9000000000000000996,35,23,0.6571428571428571,9.956521739130435,229,0.3443609022556391,21,1754652329,1758909344,1754652329,1758909344
997,13,41,1756418671,https://www.tiktok.com/@lucashall/video/9000000000000000997,22,14,0.6363636363636364,22.5,315,0.34922394678492236,12,1756477448,1759112339,1756477448,1759112339
998,21,28,1758943094,https://www.tiktok.com/@jamesmiller/video/9000000000000000998,1,1,1,28,28,1,1,1759001280,1759001280,1759001280,1759001280
999,37,33,1754945654,https://www.tiktok.com/@charlottegarcia/video/9000000000000000999,42,30,0.7142857142857143,20.566666666666666,617,0.44516594516594515,26,1754977811,1758987225,1754977811,1758987225
1000,23,34,1755727832,https://www.tiktok.com/@jameshub7877/video/9000000000000001000,23,15,0.6521739130434783,21.666666666666668,325,0.4156010230179028,14,1755750986,1759151259,1755750986,1759151259
1001,30,12,1756847664,https://www.tiktok.com/@avawalker/video/9000000000000001001,11,9,0.8181818181818182,6.222222222222222,56,0.42424242424242425,9,1756825438,1758655563,1756825438,1758655563
1002,30,19,1756647425,https://www.tiktok.com/@avawalker/video/9000000000000001002,22,17,0.7727272727272727,8.705882352941176,148,0.35406698564593303,14,1756664896,1759117781,1756664896,1759117781
1003,46,14,1754552893,https://www.tiktok.com/@benjaminhub4825/video/9000000000000001003,51,25,0.49019607843137253,7.32,183,0.25630252100840334,19,1754526041,1758479648,1754526041,1758479648
1004,39,36,1758407641,https://www.tiktok.com/@avatv5794/video/9000000000000001004,1,1,1,5,5,0.1388888888888889,1,1758720145,1758720145,1758720145,1758720145
1005,27,37,1756319821,https://www.tiktok.com/@sophiasmith/video/9000000000000001005,25,17,0.68,27.176470588235293,462,0.49945945945945946,17,1756326766,1759085974,1756326766,1759085974
1006,43,19,1758084885,https://www.tiktok.com/@jameswalker/video/9000000000000001006,7,5,0.7142857142857143,14.4,72,0.5413533834586466,5,1758081695,1758764729,1758081695,1758764729
1007,42,40,1757062458,https://www.tiktok.com/@noahlopez/video/9000000000000001007,17,10,0.5882352941176471,24.3,243,0.3573529411764706,10,1757043162,1758780566,1757043162,1758780566
1008,44,37,1757526772,https://www.tiktok.com/@jamessmith/video/9000000000000001008,8,5,0.625,17.2,86,0.29054054054054057,4,1757540266,1759148965,1757540266,1759148965
1009,46,42,1759141704,https://www.tiktok.com/@benjaminhub4825/video/9000000000000001009,0,0,NA,NA,0,NA,0,NA,NA,NA,NA
1010,13,29,1756508833,https://www.tiktok.com/@lucashall/video/9000000000000001010,17,14,0.8235294117647058,17.5,245,0.4969574036511157,14,1756477265,1759166593,1756477265,1759166593
1011,54,41,1757226316,https://www.tiktok.com/@noahclark/video/9000000000000001011,34,22,0.6470588235294118,23.636363636363637,520,0.37302725968436157,18,1757333768,1759146843,1757333768,1759146843
1012,58,34,1756565071,https://www.tiktok.com/@oliviahall/video/9000000000000001012,18,14,0.7777777777777778,23.714285714285715,332,0.542483660130719,14,1756579105,1758828098,1756579105,1758828098
1013,1,25,1757849410,https://www.tiktok.com/@evelynlive4018/video/9000000000000001013,12,8,0.6666666666666666,17,136,0.45333333333333337,8,1758040856,1759176803,1758040856,1759176803
1014,12,42,1755866720,https://www.tiktok.com/@ethanstudio5228/video/9000000000000001014,21,9,0.42857142857142855,28,252,0.2857142857142857,9,1755823249,1758963950,1755823249,1758963950
1015,42,34,1758000007,https://www.tiktok.com/@noahlopez/video/9000000000000001015,3,1,0.3333333333333333,11,11,0.10784313725490197,1,1758071897,1759146890,1758071897,1759146890
1016,42,33,1755755245,https://www.tiktok.com/@noahlopez/video/9000000000000001016,41,33,0.8048780487804879,21.727272727272727,717,0.5299334811529933,27,1755767713,1759129416,1755767713,1759129416
1017,58,29,1758457020,https://www.tiktok.com/@oliviahall/video/9000000000000001017,7,6,0.8571428571428571,25.833333333333332,155,0.7635467980295567,6,1758660108,1759075008,1758660108,1759075008
1018,49,20,1754974030,https://www.tiktok.com/@sophiaofficial3334/video/9000000000000001018,31,20,0.6451612903225806,8.7,174,0.2806451612903226,19,1754964364,1758814392,1754964364,1758814392
1019,49,24,1758397132,https://www.tiktok.com/@sophiaofficial3334/video/9000000000000001019,6,4,0.6666666666666666,10.75,43,0.2986111111111111,3,1758457164,1759167761,1758457164,1759167761
1020,2,36,1755289997,https://www.tiktok.com/@isabelladaily931/video/9000000000000001020,29,14,0.4827586206896552,21,294,0.28160919540229884,13,1755219679,1759168325,1755219679,1759168325
1021,25,31,1756969943,https://www.tiktok.com/@evelyndaily8703/video/9000000000000001021,8,4,0.5,14,56,0.22580645161290322,4,1757035303,1759053876,1757035303,1759053876
1022,23,17,1754323190,https://www.tiktok.com/@jameshub7877/video/9000000000000001022,53,41,0.7735849056603774,9.536585365853659,391,0.4339622641509434,35,1754265964,1759105402,1754265964,1759105402
1023,3,26,1754318329,https://www.tiktok.com/@charlotteanderson/video/9000000000000001023,50,37,0.74,10.54054054054054,390,0.3,32,1754266200,1758976715,1754266200,1758976715
1024,16,44,1757511440,https://www.tiktok.com/@emmamartin/video/9000000000000001024,9,4,0.4444444444444444,20.75,83,0.20959595959595959,3,1757627339,1759147368,1757627339,1759147368
1025,36,26,1758063413,https://www.tiktok.com/@henrythomas/video/9000000000000001025,5,1,0.2,8,8,0.06153846153846154,1,1754045311,1758902553,1754045311,1758902553
1026,33,12,1756773931,https://www.tiktok.com/@masonyoung/video/9000000000000001026,17,13,0.7647058823529411,7.3076923076923075,95,0.46568627450980393,10,1756971472,1759154908,1756971472,1759154908
1027,41,39,1757758337,https://www.tiktok.com/@noahjohnson_1/video/9000000000000001027,13,12,0.9230769230769231,27.666666666666668,332,0.6548323471400395,12,1757781732,1759124780,1757781732,1759124780
1028,21,13,1757078812,https://www.tiktok.com/@jamesmiller/video/9000000000000001028,14,13,0.9285714285714286,7.3076923076923075,95,0.521978021978022,11,1757043285,1759121932,1757043285,1759121932
1029,1,35,1755126196,https://www.tiktok.com/@evelynlive4018/video/9000000000000001029,25,14,0.56,14.714285714285714,206,0.2354285714285714,13,1755160998,1759045211,1755160998,1759045211
1030,2,36,1758692527,https://www.tiktok.com/@isabelladaily931/video/9000000000000001030,0,0,NA,NA,0,NA,0,NA,NA,NA,NA
1031,60,25,1758296272,https://www.tiktok.com/@ethanallen/video/9000000000000001031,4,2,0.5,9.5,19,0.19,2,1758385550,1758957464,1758385550,1758957464
1032,7,37,1756218316,https://www.tiktok.com/@emmalee/video/9000000000000001032,17,13,0.7647058823529411,15.384615384615385,200,0.3179650238473768,11,1756260814,1758988268,1756260814,1758988268
1033,29,32,1758412754,https://www.tiktok.com/@sophialee/video/9000000000000001033,9,7,0.7777777777777778,26.857142857142858,188,0.6527777777777778,7,1758367190,1759146895,1758367190,1759146895
1034,39,30,1759023166,https://www.tiktok.com/@avatv5794/video/9000000000000001034,1,1,1,30,30,1,1,1759039017,1759039017,1759039017,1759039017
1035,20,26,1759149263,https://www.tiktok.com/@sophiajohnson/video/9000000000000001035,0,0,NA,NA,0,NA,0,NA,NA,NA,NA
1036,36,42,1754118331,https://www.tiktok.com/@henrythomas/video/9000000000000001036,69,46,0.6666666666666666,20.76086956521739,955,0.3295376121463078,34,1754119272,1758720474,1754119272,1758720474
1037,20,46,1754970089,https://www.tiktok.com/@sophiajohnson/video/9000000000000001037,29,22,0.7586206896551724,21.954545454545453,483,0.3620689655172414,19,1754969133,1758893581,1754969133,1758893581
1038,34,38,1754187322,https://www.tiktok.com/@masonwilson/video/9000000000000001038,78,54,0.6923076923076923,20.166666666666668,1089,0.3674089068825911,41,1754190074,1758911046,1754190074,1758911046
1039,4,41,1755451321,https://www.tiktok.com/@emmatv9884/video/9000000000000001039,24,18,0.75,22.88888888888889,412,0.4186991869918699,16,1755763061,1759153252,1755763061,1759153252
1040,10,19,1757620632,https://www.tiktok.com/@harperdavis/video/9000000000000001040,8,8,1,11.375,91,0.5986842105263158,7,1757599334,1759037410,1757599334,1759037410
1041,20,10,1757183285,https://www.tiktok.com/@sophiajohnson/video/9000000000000001041,9,7,0.7777777777777778,6.571428571428571,46,0.5111111111111111,7,1757215429,1759096482,1757215429,1759096482
1042,55,34,1755905342,https://www.tiktok.com/@sophiafit8328/video/9000000000000001042,28,20,0.7142857142857143,15.7,314,0.3298319327731093,18,1755880310,1759162054,1755880310,1759162054
1043,45,20,1755249715,https://www.tiktok.com/@lucasmartin/video/9000000000000001043,45,30,0.6666666666666666,9,270,0.3,25,1755265997,1759075207,1755265997,1759075207
1044,9,33,1757422822,https://www.tiktok.com/@noahjohnson/video/9000000000000001044,5,3,0.6,7.333333333333333,22,0.13333333333333333,3,1757788923,1758655573,1757788923,1758655573
1045,41,53,1756345516,https://www.tiktok.com/@noahjohnson_1/video/9000000000000001045,16,9,0.5625,23,207,0.24410377358490565,9,1756371746,1758768105,1756371746,1758768105
1046,20,28,1758907751,https://www.tiktok.com/@sophiajohnson/video/9000000000000001046,2,2,1,12.5,25,0.44642857142857145,2,1758959345,1758976809,1758959345,1758976809
1047,34,33,1755583271,https://www.tiktok.com/@masonwilson/video/9000000000000001047,24,14,0.5833333333333334,17.857142857142858,250,0.3156565656565657,12,1755568896,1758885300,1755568896,1758885300
1048,42,32,1754827993,https://www.tiktok.com/@noahlopez/video/9000000000000001048,51,35,0.6862745098039216,20.114285714285714,704,0.43137254901960786,30,1754836908,1759163137,1754836908,1759163137
1049,9,32,1758173413,https://www.tiktok.com/@noahjohnson/video/9000000000000001049,4,3,0.75,25.333333333333332,76,0.59375,3,1758597836,1759162404,1758597836,1759162404
1050,58,34,1757741228,https://www.tiktok.com/@oliviahall/video/9000000000000001050,12,8,0.6666666666666666,12.625,101,0.24754901960784315,8,1757856138,1759038204,1757856138,1759038204
1051,42,40,1757727390,https://www.tiktok.com/@noahlopez/video/9000000000000001051,9,7,0.7777777777777778,13.857142857142858,97,0.2694444444444445,6,1757913911,1759183033,1757913911,1759183033
1052,27,17,1755452516,https://www.tiktok.com/@sophiasmith/video/9000000000000001052,28,23,0.8214285714285714,6.173913043478261,142,0.29831932773109243,21,1755398356,1759151960,1755398356,1759151960
1053,22,38,1754679301,https://www.tiktok.com/@lucaswilson/video/9000000000000001053,27,22,0.8148148148148148,24.818181818181817,546,0.5321637426900585,19,1754652325,1758857955,1754652325,1758857955
1054,30,22,1755644373,https://www.tiktok.com/@avawalker/video/9000000000000001054,23,15,0.6521739130434783,11.2,168,0.33201581027667987,14,1755717696,1759042610,1755717696,1759042610
1055,17,36,1756563586,https://www.tiktok.com/@evelyngarcia/video/9000000000000001055,13,11,0.8461538461538461,28.727272727272727,316,0.6752136752136753,9,1756576041,1758924211,1756576041,1758924211
1056,20,28,1756282793,https://www.tiktok.com/@sophiajohnson/video/9000000000000001056,32,26,0.8125,16,416,0.4642857142857143,25,1756261807,1759105050,1756261807,1759105050
1057,60,16,1756557953,https://www.tiktok.com/@ethanallen/video/9000000000000001057,6,3,0.5,12.666666666666666,38,0.3958333333333333,3,1756579083,1757743089,1756579083,1757743089
1058,42,22,1756179934,https://www.tiktok.com/@noahlopez/video/9000000000000001058,23,19,0.8260869565217391,10.736842105263158,204,0.4031620553359684,17,1756197432,1758990352,1756197432,1758990352
1059,42,37,1758690052,https://www.tiktok.com/@noahlopez/video/9000000000000001059,0,0,NA,NA,0,NA,0,NA,NA,NA,NA
1060,22,33,1754884652,https://www.tiktok.com/@lucaswilson/video/9000000000000001060,31,24,0.7741935483870968,21.125,507,0.49560117302052786,21,1754870477,1759141501,1754870477,1759141501
1061,23,29,1756949822,https://www.tiktok.com/@jameshub7877/video/9000000000000001061,14,9,0.6428571428571429,11.666666666666666,105,0.25862068965517243,8,1757042090,1759037423,1757042090,1759037423
1062,42,26,1757193618,https://www.tiktok.com/@noahlopez/video/9000000000000001062,6,4,0.6666666666666666,20,80,0.5128205128205129,4,1757674735,1759030181,1757674735,1759030181
1063,14,28,1755609612,https://www.tiktok.com/@ameliataylor/video/9000000000000001063,38,23,0.6052631578947368,16.434782608695652,378,0.35526315789473684,21,1755578479,1759115793,1755578479,1759115793
1064,29,24,1759032501,https://www.tiktok.com/@sophialee/video/9000000000000001064,1,0,0,NA,0,0,0,1759137855,1759137855,1759137855,1759137855
1065,2,31,1756077019,https://www.tiktok.com/@isabelladaily931/video/9000000000000001065,21,13,0.6190476190476191,20.923076923076923,272,0.41781874039938555,13,1756416536,1759163283,1756416536,1759163283
1066,13,35,1755725426,https://www.tiktok.com/@lucashall/video/9000000000000001066,27,24,0.8888888888888888,23.458333333333332,563,0.5957671957671957,21,1755737481,1758792118,1755737481,1758792118
1067,21,28,1759127948,https://www.tiktok.com/@jamesmiller/video/9000000000000001067,2,1,0.5,12,12,0.21428571428571427,1,1759118336,1759151876,1759118336,1759151876
1068,58,29,1758069399,https://www.tiktok.com/@oliviahall/video/9000000000000001068,7,6,0.8571428571428571,14.666666666666666,88,0.4334975369458128,6,1758346452,1759049209,1758346452,1759049209
1069,22,27,1754939528,https://www.tiktok.com/@lucaswilson/video/9000000000000001069,36,27,0.75,14.333333333333334,387,0.39814814814814814,22,1754879650,1759179034,1754879650,1759179034
1070,22,12,1756779307,https://www.tiktok.com/@lucaswilson/video/9000000000000001070,25,19,0.76,4.947368421052632,94,0.3133333333333333,16,1756782084,1759004481,1756782084,1759004481
1071,41,34,1756719542,https://www.tiktok.com/@noahjohnson_1/video/9000000000000001071,22,12,0.5454545454545454,18.333333333333332,220,0.29411764705882354,9,1756698735,1758934518,1756698735,1758934518
1072,34,33,1758398211,https://www.tiktok.com/@masonwilson/video/9000000000000001072,5,3,0.6,14,42,0.2545454545454545,3,1758385590,1758919507,1758385590,1758919507
1073,50,20,1757534626,https://www.tiktok.com/@ethanstudio8286/video/9000000000000001073,20,16,0.8,11.3125,181,0.4525,11,1757522865,1758909311,1757522865,1758909311
1074,2,33,1756154227,https://www.tiktok.com/@isabelladaily931/video/9000000000000001074,24,18,0.75,19.166666666666668,345,0.4356060606060606,17,1756240847,1759085217,1756240847,1759085217
1075,22,37,1757790940,https://www.tiktok.com/@lucaswilson/video/9000000000000001075,14,10,0.7142857142857143,20.9,209,0.4034749034749035,9,1757752190,1759168274,1757752190,1759168274
1076,17,40,1758412614,https://www.tiktok.com/@evelyngarcia/video/9000000000000001076,12,7,0.5833333333333334,24.714285714285715,173,0.36041666666666666,4,1758374363,1759096177,1758374363,1759096177
1077,7,29,1754421706,https://www.tiktok.com/@emmalee/video/9000000000000001077,56,41,0.7321428571428571,18.73170731707317,768,0.4729064039408867,31,1754363493,1758696141,1754363493,1758696141
1078,23,52,1755013096,https://www.tiktok.com/@jameshub7877/video/9000000000000001078,37,23,0.6216216216216216,24.695652173913043,568,0.29521829521829523,20,1755004399,1758878861,1755004399,1758878861
1079,42,21,1758756668,https://www.tiktok.com/@noahlopez/video/9000000000000001079,3,1,0.3333333333333333,21,21,0.3333333333333333,1,1758723046,1759096457,1758723046,1759096457
1080,23,44,1756627913,https://www.tiktok.com/@jameshub7877/video/9000000000000001080,24,19,0.7916666666666666,28.157894736842106,535,0.5066287878787878,17,1756704150,1759151773,1756704150,1759151773
1081,16,15,1755937012,https://www.tiktok.com/@emmamartin/video/9000000000000001081,21,12,0.5714285714285714,8.083333333333334,97,0.30793650793650795,10,1756011678,1758859320,1756011678,1758859320
1082,42,38,1754039557,https://www.tiktok.com/@noahlopez/video/9000000000000001082,93,63,0.6774193548387096,23.015873015873016,1450,0.41029994340690434,45,1754007897,1758921083,1754007897,1758921083
1083,35,27,1754508106,https://www.tiktok.com/@evelyntv920/video/9000000000000001083,48,33,0.6875,15.757575757575758,520,0.4012345679012346,24,1754447005,1759002643,1754447005,1759002643
1084,8,20,1755211368,https://www.tiktok.com/@miastudio6290/video/9000000000000001084,38,28,0.7368421052631579,11.214285714285714,314,0.4131578947368421,26,1755160941,1759183486,1755160941,1759183486
1085,3,39,1754874268,https://www.tiktok.com/@charlotteanderson/video/9000000000000001085,40,24,0.6,17.083333333333332,410,0.26282051282051283,23,1754893398,1759106021,1754893398,1759106021
1086,44,21,1754858770,https://www.tiktok.com/@jamessmith/video/9000000000000001086,58,34,0.5862068965517241,10.823529411764707,368,0.30213464696223313,30,1754835339,1759176188,1754835339,1759176188
1087,44,54,1756127895,https://www.tiktok.com/@jamessmith/video/9000000000000001087,30,18,0.6,29.055555555555557,523,0.3228395061728395,17,1756110293,1759091259,1756110293,1759091259
1088,10,42,1754555327,https://www.tiktok.com/@harperdavis/video/9000000000000001088,49,32,0.6530612244897959,23.1875,742,0.36054421768707484,29,1754529581,1759054502,1754529581,1759054502
1089,20,28,1758202588,https://www.tiktok.com/@sophiajohnson/video/9000000000000001089,6,6,1,21,126,0.75,6,1758335358,1758785131,1758335358,1758785131
1090,34,26,1754648837,https://www.tiktok.com/@masonwilson/video/9000000000000001090,30,17,0.5666666666666667,13.176470588235293,224,0.28717948717948716,14,1754618154,1758924453,1754618154,1758924453
1091,20,35,1758480364,https://www.tiktok.com/@sophiajohnson/video/9000000000000001091,6,4,0.6666666666666666,26.75,107,0.5095238095238095,4,1758459411,1758921996,1758459411,1758921996
1092,32,24,1755716196,https://www.tiktok.com/@emmadavis/video/9000000000000001092,18,14,0.7777777777777778,12.571428571428571,176,0.4074074074074074,14,1755796533,1758732285,1755796533,1758732285
1093,9,32,1755804670,https://www.tiktok.com/@noahjohnson/video/9000000000000001093,17,13,0.7647058823529411,21.384615384615383,278,0.5110294117647058,10,1755857175,1759080138,1755857175,1759080138
1094,3,40,1757378163,https://www.tiktok.com/@charlotteanderson/video/9000000000000001094,10,7,0.7,19.571428571428573,137,0.34249999999999997,7,1757691090,1759080753,1757691090,1759080753
1095,17,23,1756889882,https://www.tiktok.com/@evelyngarcia/video/9000000000000001095,14,10,0.7142857142857143,9.4,94,0.29192546583850937,9,1757063391,1758792599,1757063391,1758792599
1096,59,30,1759061591,https://www.tiktok.com/@elijahtaylor/video/9000000000000001096,1,1,1,30,30,1,1,1759116185,1759116185,1759116185,1759116185
1097,52,24,1754141686,https://www.tiktok.com/@miatv693/video/9000000000000001097,72,50,0.6944444444444444,15,750,0.4340277777777778,40,1754110332,1759026213,1754110332,1759026213
1098,9,28,1756569121,https://www.tiktok.com/@noahjohnson/video/9000000000000001098,21,15,0.7142857142857143,11.6,174,0.29591836734693877,12,1756623989,1759163217,1756623989,1759163217
1099,23,22,1757523671,https://www.tiktok.com/@jameshub7877/video/9000000000000001099,21,14,0.6666666666666666,13.285714285714286,186,0.4025974025974026,13,1757496032,1759121871,1757496032,1759121871
1100,21,32,1758504508,https://www.tiktok.com/@jamesmiller/video/9000000000000001100,2,1,0.5,7,7,0.109375,1,1758738998,1758826345,1758738998,1758826345
1101,60,38,1758325146,https://www.tiktok.com/@ethanallen/video/9000000000000001101,3,2,0.6666666666666666,23.5,47,0.41228070175438597,2,1758328850,1758738865,1758328850,1758738865
1102,19,38,1759018236,https://www.tiktok.com/@elijahtv1416/video/9000000000000001102,2,2,1,38,76,1,2,1759044017,1759140198,1759044017,1759140198
1103,30,18,1754601758,https://www.tiktok.com/@avawalker/video/9000000000000001103,40,26,0.65,10.846153846153847,282,0.39166666666666666,21,1754567788,1759039094,1754567788,1759039094
1104,60,38,1755072152,https://www.tiktok.com/@ethanallen/video/9000000000000001104,29,18,0.6206896551724138,22.944444444444443,413,0.37477313974591653,16,1755078263,1759137418,1755078263,1759137418
1105,36,25,1757167485,https://www.tiktok.com/@henrythomas/video/9000000000000001105,14,9,0.6428571428571429,15,135,0.38571428571428573,9,1757203985,1758922034,1757203985,1758922034
1106,60,31,1756353827,https://www.tiktok.com/@ethanallen/video/9000000000000001106,12,11,0.9166666666666666,11.727272727272727,129,0.34677419354838707,10,1756456659,1759174491,1756456659,1759174491
1107,34,31,1758487914,https://www.tiktok.com/@masonwilson/video/9000000000000001107,2,1,0.5,31,31,0.5,1,1758617440,1758845238,1758617440,1758845238
1108,60,35,1758550826,https://www.tiktok.com/@ethanallen/video/9000000000000001108,3,2,0.6666666666666666,19.5,39,0.37142857142857144,2,1758673260,1759118005,1758673260,1759118005
1109,23,15,1754963311,https://www.tiktok.com/@jameshub7877/video/9000000000000001109,37,27,0.7297297297297297,9.296296296296296,251,0.4522522522522523,23,1754961003,1758970717,1754961003,1758970717
1110,60,34,1754847875,https://www.tiktok.com/@ethanallen/video/9000000000000001110,26,23,0.8846153846153846,21.695652173913043,499,0.5644796380090498,20,1754910264,1759076073,1754910264,1759076073
1111,33,19,1758725867,https://www.tiktok.com/@masonyoung/video/9000000000000001111,3,2,0.6666666666666666,9,18,0.31578947368421056,2,1758682333,1759118344,1758682333,1759118344
1112,60,14,1756476666,https://www.tiktok.com/@ethanallen/video/9000000000000001112,11,7,0.6363636363636364,4.428571428571429,31,0.2012987012987013,6,1756454031,1758461992,1756454031,1758461992
1113,30,33,1757542893,https://www.tiktok.com/@avawalker/video/9000000000000001113,5,4,0.8,21,84,0.509090909090909,4,1758011210,1759118360,1758011210,1759118360
1114,60,11,1754779431,https://www.tiktok.com/@ethanallen/video/9000000000000001114,39,30,0.7692307692307693,6.633333333333334,199,0.46386946386946387,21,1754773641,1759105080,1754773641,1759105080
1115,27,40,1759172094,https://www.tiktok.com/@sophiasmith/video/9000000000000001115,0,0,NA,NA,0,NA,0,NA,NA,NA,NA
1116,59,34,1754903804,https://www.tiktok.com/@elijahtaylor/video/9000000000000001116,30,23,0.7666666666666667,24.52173913043478,564,0.5529411764705883,22,1754931429,1759114576,1754931429,1759114576
1117,13,26,1756982507,https://www.tiktok.com/@lucashall/video/9000000000000001117,19,14,0.7368421052631579,15.5,217,0.4392712550607288,12,1754068564,1759120868,1754068564,1759120868
1118,12,35,1754237926,https://www.tiktok.com/@ethanstudio5228/video/9000000000000001118,54,36,0.6666666666666666,19.666666666666668,708,0.3746031746031746,29,1754211997,1758827989,1754211997,1758827989
1119,60,44,1754518236,https://www.tiktok.com/@ethanallen/video/9000000000000001119,55,40,0.7272727272727273,23.975,959,0.3962809917355372,30,1754456854,1759105322,1754456854,1759105322
1120,47,13,1758477057,https://www.tiktok.com/@avawalker_1/video/9000000000000001120,4,3,0.75,10,30,0.5769230769230769,2,1758484987,1758804816,1758484987,1758804816
1121,36,27,1754897607,https://www.tiktok.com/@henrythomas/video/9000000000000001121,34,23,0.6764705882352942,13.043478260869565,300,0.32679738562091504,21,1754976904,1758822537,1754976904,1758822537
1122,51,34,1756452572,https://www.tiktok.com/@miadavis/video/9000000000000001122,27,17,0.6296296296296297,24.470588235294116,416,0.45315904139433555,14,1756425935,1759025814,1756425935,1759025814
1123,25,26,1757892494,https://www.tiktok.com/@evelyndaily8703/video/9000000000000001123,8,4,0.5,13.5,54,0.25961538461538464,4,1757810408,1759141844,1757810408,1759141844
1124,53,27,1756482788,https://www.tiktok.com/@charlotteyoung/video/9000000000000001124,19,14,0.7368421052631579,16.214285714285715,227,0.442495126705653,13,1756426940,1759022070,1756426940,1759022070
1125,26,29,1757992101,https://www.tiktok.com/@noahlive7510/video/9000000000000001125,2,2,1,29,58,1,2,1758750194,1758882176,1758750194,1758882176
1126,43,10,1758836748,https://www.tiktok.com/@jameswalker/video/9000000000000001126,2,2,1,6,12,0.6,2,1758764734,1758809839,1758764734,1758809839
1127,60,32,1757803240,https://www.tiktok.com/@ethanallen/video/9000000000000001127,8,6,0.75,13,78,0.3046875,6,1757736023,1759066464,1757736023,1759066464
1128,30,36,1756364569,https://www.tiktok.com/@avawalker/video/9000000000000001128,25,18,0.72,21.27777777777778,383,0.4255555555555556,17,1756372136,1758967905,1756372136,1758967905
1129,42,15,1756959404,https://www.tiktok.com/@noahlopez/video/9000000000000001129,15,12,0.8,9.166666666666666,110,0.4888888888888889,12,1756965189,1759073819,1756965189,1759073819
1130,30,31,1756859788,https://www.tiktok.com/@avawalker/video/9000000000000001130,12,9,0.75,20.333333333333332,183,0.49193548387096775,9,1757046295,1759026516,1757046295,1759026516
1131,46,26,1757059846,https://www.tiktok.com/@benjaminhub4825/video/9000000000000001131,24,15,0.625,15.866666666666667,238,0.3814102564102564,14,1757033143,1759175903,1757033143,1759175903
1132,5,32,1756632071,https://www.tiktok.com/@evelyndaily3219/video/9000000000000001132,13,8,0.6153846153846154,15.75,126,0.30288461538461536,7,1756687817,1759022102,1756687817,1759022102
1133,49,33,1759040625,https://www.tiktok.com/@sophiaofficial3334/video/9000000000000001133,2,2,1,14,28,0.4242424242424242,2,1759093737,1759119241,1759093737,1759119241
1134,60,54,1756287535,https://www.tiktok.com/@ethanallen/video/9000000000000001134,16,14,0.875,30.214285714285715,423,0.4895833333333333,13,1756258897,1758275428,1756258897,1758275428
1135,32,16,1756857786,https://www.tiktok.com/@emmadavis/video/9000000000000001135,14,9,0.6428571428571429,6,54,0.24107142857142858,8,1756925100,1758797238,1756925100,1758797238
1136,5,30,1758897882,https://www.tiktok.com/@evelyndaily3219/video/9000000000000001136,1,1,1,6,6,0.2,1,1759002114,1759002114,1759002114,1759002114
1137,37,30,1754822224,https://www.tiktok.com/@charlottegarcia/video/9000000000000001137,35,30,0.8571428571428571,18.666666666666668,560,0.5333333333333333,25,1754818237,1758768102,1754818237,1758768102
1138,53,43,1758965774,https://www.tiktok.com/@charlotteyoung/video/9000000000000001138,1,1,1,14,14,0.32558139534883723,1,1759021018,1759021018,1759021018,1759021018
1139,21,33,1754639489,https://www.tiktok.com/@jamesmiller/video/9000000000000001139,30,18,0.6,18.22222222222222,328,0.33131313131313134,18,1754629073,1757989357,1754629073,1757989357
1140,23,26,1759122435,https://www.tiktok.com/@jameshub7877/video/9000000000000001140,0,0,NA,NA,0,NA,0,NA,NA,NA,NA
1141,1,17,1755164528,https://www.tiktok.com/@evelynlive4018/video/9000000000000001141,40,30,0.75,8,240,0.3529411764705882,26,1755171958,1759162035,1755171958,1759162035
1142,43,24,1754660919,https://www.tiktok.com/@jameswalker/video/9000000000000001142,38,25,0.6578947368421053,12.04,301,0.3300438596491228,20,1754615980,1759023518,1754615980,1759023518
1143,20,32,1757416144,https://www.tiktok.com/@sophiajohnson/video/9000000000000001143,10,6,0.6,20.5,123,0.384375,6,1757762422,1759096961,1757762422,1759096961
1144,3,26,1757063408,https://www.tiktok.com/@charlotteanderson/video/9000000000000001144,12,10,0.8333333333333334,13.2,132,0.4230769230769231,9,1757042850,1759115789,1757042850,1759115789
1145,21,28,1757271056,https://www.tiktok.com/@jamesmiller/video/9000000000000001145,10,7,0.7,22.571428571428573,158,0.5642857142857143,6,1757252159,1758637741,1757252159,1758637741
1146,33,27,1754568203,https://www.tiktok.com/@masonyoung/video/9000000000000001146,46,34,0.7391304347826086,15.970588235294118,543,0.43719806763285024,29,1754535946,1758374405,1754535946,1758374405
1147,31,35,1756130957,https://www.tiktok.com/@lucasjackson/video/9000000000000001147,22,18,0.8181818181818182,25.88888888888889,466,0.6051948051948052,18,1756115974,1758847881,1756115974,1758847881
1148,19,19,1758447481,https://www.tiktok.com/@elijahtv1416/video/9000000000000001148,2,0,0,NA,0,0,0,1754064648,1758460391,1754064648,1758460391
1149,18,37,1754645979,https://www.tiktok.com/@masonofficial3682/video/9000000000000001149,42,36,0.8571428571428571,20,720,0.46332046332046334,30,1754616042,1758264154,1754616042,1758264154
1150,17,24,1754128950,https://www.tiktok.com/@evelyngarcia/video/9000000000000001150,63,53,0.8412698412698413,13.849056603773585,734,0.4854497354497354,40,1754119546,1758910968,1754119546,1758910968
1151,35,28,1757415322,https://www.tiktok.com/@evelyntv920/video/9000000000000001151,11,9,0.8181818181818182,19.88888888888889,179,0.5811688311688312,8,1757406291,1759163194,1757406291,1759163194
1152,33,47,1756343182,https://www.tiktok.com/@masonyoung/video/9000000000000001152,21,16,0.7619047619047619,24.625,394,0.39918946301925023,15,1756382576,1759053709,1756382576,1759053709
1153,8,38,1756931284,https://www.tiktok.com/@miastudio6290/video/9000000000000001153,10,5,0.5,20.6,103,0.2710526315789473,5,1757116918,1759085737,1757116918,1759085737
1154,20,33,1757530225,https://www.tiktok.com/@sophiajohnson/video/9000000000000001154,10,8,0.8,19.5,156,0.4727272727272728,8,1757472634,1758942998,1757472634,1758942998
1155,54,20,1758342273,https://www.tiktok.com/@noahclark/video/9000000000000001155,5,5,1,13.8,69,0.6900000000000001,5,1758366718,1759053857,1758366718,1759053857
1156,27,24,1754402951,https://www.tiktok.com/@sophiasmith/video/9000000000000001156,82,53,0.6463414634146342,13.716981132075471,727,0.3694105691056911,41,1754353299,1759073816,1754353299,1759073816
1157,44,25,1757631024,https://www.tiktok.com/@jamessmith/video/9000000000000001157,6,3,0.5,12.666666666666666,38,0.25333333333333335,3,1758028367,1759129477,1758028367,1759129477
1158,20,42,1756910527,https://www.tiktok.com/@sophiajohnson/video/9000000000000001158,14,10,0.7142857142857143,12.6,126,0.21428571428571427,9,1756873082,1759177543,1756873082,1759177543
1159,23,33,1754089952,https://www.tiktok.com/@jameshub7877/video/9000000000000001159,100,84,0.84,17.547619047619047,1474,0.44666666666666666,54,1754010853,1759168735,1754010853,1759168735
1160,42,42,1754925503,https://www.tiktok.com/@noahlopez/video/9000000000000001160,36,22,0.6111111111111112,23.227272727272727,511,0.33796296296296297,18,1754871719,1759049364,1754871719,1759049364
1161,20,29,1755012945,https://www.tiktok.com/@sophiajohnson/video/9000000000000001161,37,24,0.6486486486486487,14.333333333333334,344,0.320596458527493,23,1754977658,1759138338,1754977658,1759138338
1162,5,24,1754675382,https://www.tiktok.com/@evelyndaily3219/video/9000000000000001162,33,26,0.7878787878787878,14.73076923076923,383,0.4835858585858586,24,1754677105,1759155511,1754677105,1759155511
1163,57,17,1754527689,https://www.tiktok.com/@harpertaylor/video/9000000000000001163,46,34,0.7391304347826086,9,306,0.391304347826087,29,1754548704,1758899400,1754548704,1758899400
1164,30,17,1758852780,https://www.tiktok.com/@avawalker/video/9000000000000001164,1,1,1,2,2,0.11764705882352941,1,1758919066,1758919066,1758919066,1758919066
1165,49,36,1757693882,https://www.tiktok.com/@sophiaofficial3334/video/9000000000000001165,13,8,0.6153846153846154,15.75,126,0.2692307692307692,8,1757656847,1759058378,1757656847,1759058378
1166,43,42,1754437146,https://www.tiktok.com/@jameswalker/video/9000000000000001166,59,37,0.6271186440677966,19.89189189189189,736,0.2970137207425343,29,1754359159,1758709706,1754359159,1758709706
1167,14,40,1754997709,https://www.tiktok.com/@ameliataylor/video/9000000000000001167,36,19,0.5277777777777778,20.526315789473685,390,0.2708333333333333,16,1754967370,1759144249,1754967370,1759144249
1168,53,40,1758142883,https://www.tiktok.com/@charlotteyoung/video/9000000000000001168,3,0,0,NA,0,0,0,1758804828,1759167801,1758804828,1759167801
1169,45,27,1758637118,https://www.tiktok.com/@lucasmartin/video/9000000000000001169,5,2,0.4,17.5,35,0.25925925925925924,2,1758622042,1759163132,1758622042,1759163132
1170,39,26,1757890572,https://www.tiktok.com/@avatv5794/video/9000000000000001170,8,7,0.875,9.857142857142858,69,0.3317307692307692,5,1757937711,1758987402,1757937711,1758987402
1171,31,26,1755495475,https://www.tiktok.com/@lucasjackson/video/9000000000000001171,28,23,0.8214285714285714,14.217391304347826,327,0.4491758241758242,19,1755544411,1758860069,1755544411,1758860069
1172,50,29,1757427149,https://www.tiktok.com/@ethanstudio8286/video/9000000000000001172,11,7,0.6363636363636364,18.285714285714285,128,0.4012539184952978,7,1757410377,1758980729,1757410377,1758980729
1173,50,26,1757339954,https://www.tiktok.com/@ethanstudio8286/video/9000000000000001173,10,8,0.8,12.75,102,0.3923076923076923,8,1757435539,1759154048,1757435539,1759154048
1174,60,53,1758871089,https://www.tiktok.com/@ethanallen/video/9000000000000001174,2,1,0.5,53,53,0.5,1,1758933127,1758980772,1758933127,1758980772
1175,5,35,1754493052,https://www.tiktok.com/@evelyndaily3219/video/9000000000000001175,50,40,0.8,21.225,849,0.4851428571428571,32,1754529755,1758650885,1754529755,1758650885
1176,44,40,1755236784,https://www.tiktok.com/@jamessmith/video/9000000000000001176,32,20,0.625,22.7,454,0.3546875,19,1755219677,1758674805,1755219677,1758674805
1177,37,35,1755952442,https://www.tiktok.com/@charlottegarcia/video/9000000000000001177,17,14,0.8235294117647058,23.142857142857142,324,0.5445378151260504,13,1756047037,1758987305,1756047037,1758987305
1178,19,38,1755505337,https://www.tiktok.com/@elijahtv1416/video/9000000000000001178,24,17,0.7083333333333334,19.058823529411764,324,0.3552631578947369,15,1755984216,1759117253,1755984216,1759117253
1179,26,19,1758463831,https://www.tiktok.com/@noahlive7510/video/9000000000000001179,6,5,0.8333333333333334,10.6,53,0.46491228070175433,5,1758458478,1759157431,1758458478,1759157431
1180,31,25,1757345654,https://www.tiktok.com/@lucasjackson/video/9000000000000001180,14,13,0.9285714285714286,15.615384615384615,203,0.58,12,1757358039,1759147004,1757358039,1759147004
1181,23,31,1754155016,https://www.tiktok.com/@jameshub7877/video/9000000000000001181,68,52,0.7647058823529411,18.903846153846153,983,0.4663187855787476,33,1754109307,1759094643,1754109307,1759094643
1182,13,28,1754066251,https://www.tiktok.com/@lucashall/video/9000000000000001182,102,66,0.6470588235294118,19.424242424242426,1282,0.4488795518207283,47,1754010385,1759151771,1754010385,1759151771
1183,55,39,1757378500,https://www.tiktok.com/@sophiafit8328/video/9000000000000001183,14,11,0.7857142857142857,19.727272727272727,217,0.3974358974358974,11,1757453497,1759037595,1757453497,1759037595
1184,20,29,1757089295,https://www.tiktok.com/@sophiajohnson/video/9000000000000001184,24,18,0.75,11.11111111111111,200,0.28735632183908044,17,1757054754,1758827998,1757054754,1758827998
1185,17,29,1758327261,https://www.tiktok.com/@evelyngarcia/video/9000000000000001185,2,2,1,20.5,41,0.7068965517241379,2,1758424352,1759158972,1758424352,1759158972
1186,42,41,1754122346,https://www.tiktok.com/@noahlopez/video/9000000000000001186,80,52,0.65,19.057692307692307,991,0.3021341463414634,43,1754093194,1759029364,1754093194,1759029364
1187,59,13,1757987517,https://www.tiktok.com/@elijahtaylor/video/9000000000000001187,9,8,0.8888888888888888,8.625,69,0.5897435897435898,8,1757992204,1759117163,1757992204,1759117163
1188,27,36,1757260786,https://www.tiktok.com/@sophiasmith/video/9000000000000001188,13,7,0.5384615384615384,22.428571428571427,157,0.33547008547008544,6,1757229200,1758948158,1757229200,1758948158
1189,40,42,1757755788,https://www.tiktok.com/@ameliataylor_1/video/9000000000000001189,6,5,0.8333333333333334,16.8,84,0.3333333333333333,5,1757774151,1759083244,1757774151,1759083244
1190,42,23,1759074481,https://www.tiktok.com/@noahlopez/video/9000000000000001190,0,0,NA,NA,0,NA,0,NA,NA,NA,NA
1191,47,33,1755806649,https://www.tiktok.com/@avawalker_1/video/9000000000000001191,51,30,0.5882352941176471,19.633333333333333,589,0.3499702911467617,23,1755780209,1758640847,1755780209,1758640847
1192,36,37,1758487689,https://www.tiktok.com/@henrythomas/video/9000000000000001192,3,3,1,5.666666666666667,17,0.15315315315315317,3,1758486716,1758767987,1758486716,1758767987
1193,5,20,1759038281,https://www.tiktok.com/@evelyndaily3219/video/9000000000000001193,1,1,1,8,8,0.4,1,1759052592,1759052592,1759052592,1759052592
1194,1,36,1755751661,https://www.tiktok.com/@evelynlive4018/video/9000000000000001194,29,15,0.5172413793103449,18.066666666666666,271,0.25957854406130265,15,1755792862,1758939537,1755792862,1758939537
1195,29,34,1757907664,https://www.tiktok.com/@sophialee/video/9000000000000001195,4,3,0.75,19.333333333333332,58,0.4264705882352941,3,1757950768,1759026233,1757950768,1759026233
1196,47,30,1755977328,https://www.tiktok.com/@avawalker_1/video/9000000000000001196,23,12,0.5217391304347826,19.166666666666668,230,0.33333333333333337,11,1756122947,1759159007,1756122947,1759159007
1197,31,37,1755968383,https://www.tiktok.com/@lucasjackson/video/9000000000000001197,31,17,0.5483870967741935,22.352941176470587,380,0.33129904097646035,15,1756037332,1759177433,1756037332,1759177433
1198,60,13,1754144623,https://www.tiktok.com/@ethanallen/video/9000000000000001198,72,52,0.7222222222222222,7.826923076923077,407,0.43482905982905984,37,1754121797,1759115781,1754121797,1759115781
1199,9,25,1754229242,https://www.tiktok.com/@noahjohnson/video/9000000000000001199,48,34,0.7083333333333334,13.617647058823529,463,0.3858333333333333,30,1754191945,1758664343,1754191945,1758664343
1200,25,28,1758989082,https://www.tiktok.com/@evelyndaily8703/video/9000000000000001200,3,3,1,7,21,0.25,3,1759028532,1759179036,1759028532,1759179036
